run_id,attempt,created_at,head_sha,event,run_conclusion,job_id,job_conclusion,matrix_features,bench_features,cpu_env,cpu_gate,image,image_version,kernel,rustc,cargo,sample_budget,sample_rows,gate_targets_checked,issues,archive_sha256,jobs_metadata_sha256,log_sha256,job_url,ct_fn_invert_tau_1,ct_fn_invert_tau_2,ct_fn_invert_tau_3,ct_fn_invert_tau_4,ct_fn_invert_tau_5,ct_fp_invert_tau_1,ct_fp_invert_tau_2,ct_fp_invert_tau_3,ct_fp_invert_tau_4,ct_fp_invert_tau_5,ct_sign_k_class_tau_1,ct_sign_k_class_tau_2,ct_sign_k_class_tau_3,ct_sign_k_class_tau_4,ct_sign_k_class_tau_5,ct_hmac_sm3_tau_1,ct_hmac_sm3_tau_2,ct_hmac_sm3_tau_3,ct_hmac_sm3_tau_4,ct_hmac_sm3_tau_5,noise_twin_class_split_tau_1,noise_twin_class_split_tau_2,noise_twin_class_split_tau_3,noise_twin_class_split_tau_4,noise_twin_class_split_tau_5,ct_sm4_cbc_decrypt_fanout_tau_1,ct_sm4_cbc_decrypt_fanout_tau_2,ct_sm4_cbc_decrypt_fanout_tau_3,ct_sm4_cbc_decrypt_fanout_tau_4,ct_sm4_cbc_decrypt_fanout_tau_5,negative_control_tau_1,negative_control_tau_2,negative_control_tau_3,negative_control_tau_4,negative_control_tau_5
31461679436,1,2026-08-11T05:27:10Z,1a05287881a83244b258a123079bd3ac7f9e8d2a,schedule,success,93686280743,success,"sm4-bitsliced-simd,sm4-aead,sm4-xts,sm2-key-exchange,tlcp","sm4-bitsliced-simd,sm4-aead,sm4-xts,sm2-key-exchange,tlcp,crypto-bigint-scalar",AMD EPYC 7763 64-Core Processor,,ubuntu-24.04,20260720.247.2,6.17.0-1020-azure,rustc 1.97.1 (8bab26f4f 2026-07-14),cargo 1.97.1 (c980f4866 2026-06-30),100000,119,21,incomplete_target:noise_floor_fn_invert;malformed_result:1:noise_floor_fn_invert,ce2acc5d09e15f7f554f84680eaabe109523f1894400b234a35cc09302fa48b9,dedb5f3f7a1e4762acb6349c8a8f368f1b2919a5589bf7dc936cf3f4436476b0,745ede715d76cd18f270118d0a68b6f96d24a7d143ce05c1d560191359ccad2d,https://github.com/frankxue831/gm-crypto-rs/actions/runs/31461679436/job/93686280743,-0.00598,-0.00479,+0.00972,-0.00474,+0.00877,+0.01951,+0.01982,+0.04852,+0.04580,-0.05136,-0.21217,-0.21454,-0.24264,-0.27415,-0.25702,+0.27305,+0.27719,+0.00391,+0.00995,+0.01649,+0.00533,-0.01673,-0.01234,-0.03584,+0.00490,+0.07047,-0.03367,+0.03988,+0.02436,+0.05207,+161.11471,+154.71372,+146.31420,+133.05093,+168.98134
31461679436,1,2026-08-11T05:27:10Z,1a05287881a83244b258a123079bd3ac7f9e8d2a,schedule,success,93686280745,success,sm4-bitsliced-simd,"sm4-bitsliced-simd,crypto-bigint-scalar",AMD EPYC 9V74 80-Core Processor,,ubuntu-24.04,20260720.247.2,6.17.0-1020-azure,rustc 1.97.1 (8bab26f4f 2026-07-14),cargo 1.97.1 (c980f4866 2026-06-30),100000,90,16,,ce2acc5d09e15f7f554f84680eaabe109523f1894400b234a35cc09302fa48b9,dedb5f3f7a1e4762acb6349c8a8f368f1b2919a5589bf7dc936cf3f4436476b0,2a51ab476dae7c98647f4d32686ef2a507c5c213636872deaea6cc9a830e087d,https://github.com/frankxue831/gm-crypto-rs/actions/runs/31461679436/job/93686280745,+0.22526,-0.14092,-0.07583,-0.12804,-0.18632,-0.45543,-0.01567,-0.41586,-0.28588,-0.53397,-0.15748,-0.16388,-0.14697,-0.20908,-0.06918,+0.00964,+0.00942,+0.01897,-0.00942,+0.00932,-0.00472,+0.00739,-0.00386,+0.00847,+0.00303,-0.04163,-0.13511,-0.04635,-0.01364,-0.14877,+99.60236,+70.03028,+108.59583,+76.24685,+380.74053
31461679436,1,2026-08-11T05:27:10Z,1a05287881a83244b258a123079bd3ac7f9e8d2a,schedule,success,93686280746,success,sm4-bitsliced,"sm4-bitsliced,crypto-bigint-scalar",AMD EPYC 9V74 80-Core Processor,,ubuntu-24.04,20260720.247.2,6.17.0-1020-azure,rustc 1.97.1 (8bab26f4f 2026-07-14),cargo 1.97.1 (c980f4866 2026-06-30),100000,80,14,missing_target:ct_sm4_cbc_decrypt_fanout,ce2acc5d09e15f7f554f84680eaabe109523f1894400b234a35cc09302fa48b9,dedb5f3f7a1e4762acb6349c8a8f368f1b2919a5589bf7dc936cf3f4436476b0,d4954a21b8407cf07bc6814d1e7020be5cf3729355ba801caa3489fb13707c3a,https://github.com/frankxue831/gm-crypto-rs/actions/runs/31461679436/job/93686280746,-0.07303,-0.07734,-0.24807,-0.28440,-0.09488,-0.03012,+0.02852,-0.14855,-0.20069,-0.02960,-0.15327,-0.18697,-0.34342,-0.16501,-0.20633,+0.01160,+0.03450,+0.03763,+0.01342,+0.00861,-0.00542,+0.00667,+0.00392,+0.00599,+0.00891,,,,,,+73.72626,+70.93540,+117.79304,+106.74650,+78.27335
31461679436,1,2026-08-11T05:27:10Z,1a05287881a83244b258a123079bd3ac7f9e8d2a,schedule,success,93686280756,success,default,crypto-bigint-scalar,Intel(R) Xeon(R) Platinum 8370C CPU @ 2.80GHz,,ubuntu-24.04,20260720.247.2,6.17.0-1020-azure,rustc 1.97.1 (8bab26f4f 2026-07-14),cargo 1.97.1 (c980f4866 2026-06-30),100000,80,14,missing_target:ct_sm4_cbc_decrypt_fanout,ce2acc5d09e15f7f554f84680eaabe109523f1894400b234a35cc09302fa48b9,dedb5f3f7a1e4762acb6349c8a8f368f1b2919a5589bf7dc936cf3f4436476b0,f01fd3f2d0440a953fbb4cc3b6f46dfff0edce6fc3aa68e9b240d016dcec3918,https://github.com/frankxue831/gm-crypto-rs/actions/runs/31461679436/job/93686280756,-0.02480,-0.01710,-0.01438,-0.01813,-0.01756,+0.03375,+0.04758,+0.01418,+0.04597,+0.04675,-0.10570,-0.13079,-0.10746,-0.14317,-0.14828,+0.01940,+0.02653,+0.02002,+0.03754,+0.02349,+0.00582,+0.00756,+0.00689,-0.00375,-0.00633,,,,,,+609.06689,+280.31949,+249.44466,+134.75286,+182.72692
31507646903,1,2026-08-11T15:33:10Z,e7e85e7f98c534f6c1c8a17946f5a701a6a9b039,workflow_dispatch,success,93833221014,success,sm4-bitsliced-simd,"sm4-bitsliced-simd,crypto-bigint-scalar",AMD EPYC 7763 64-Core Processor,,ubuntu-24.04,20260720.247.2,6.17.0-1020-azure,rustc 1.97.1 (8bab26f4f 2026-07-14),cargo 1.97.1 (c980f4866 2026-06-30),100000,90,16,,e04f73d6871cdbf6e8c33e30bb82145a3070665a3ec9bf9b094fa9bb94ebd2b7,ee5cfda6badf187d696a8231df5777f3f9dcb49eb494e502a91d75db32065538,9579efc315ffb7daeaa683ea246a0fa280600b1b9037915b0be42a2ee2a557f5,https://github.com/frankxue831/gm-crypto-rs/actions/runs/31507646903/job/93833221014,+0.00621,-0.00718,+0.00588,+0.00633,+0.00802,+0.01187,+0.01055,+0.04063,+0.00664,-0.00686,-0.32822,-0.31636,-0.22881,-0.35551,-0.21309,+0.03530,+0.03323,+0.31274,+0.01675,+0.01649,+0.00464,+0.00322,-0.00631,+0.00323,-0.00514,+0.00821,+0.05006,-0.01775,-0.06596,+0.00805,+128.71082,+123.59694,+107.98658,+131.50819,+141.83804
31507646903,1,2026-08-11T15:33:10Z,e7e85e7f98c534f6c1c8a17946f5a701a6a9b039,workflow_dispatch,success,93833221060,success,default,crypto-bigint-scalar,AMD EPYC 7763 64-Core Processor,,ubuntu-24.04,20260810.271.1,6.17.0-1022-azure,rustc 1.97.1 (8bab26f4f 2026-07-14),cargo 1.97.1 (c980f4866 2026-06-30),100000,80,14,missing_target:ct_sm4_cbc_decrypt_fanout,e04f73d6871cdbf6e8c33e30bb82145a3070665a3ec9bf9b094fa9bb94ebd2b7,ee5cfda6badf187d696a8231df5777f3f9dcb49eb494e502a91d75db32065538,81c17719671d7bfa1801d4279fb0415ef7b7cc1d1ae83669295c6983d0b0eb7d,https://github.com/frankxue831/gm-crypto-rs/actions/runs/31507646903/job/93833221060,-0.00511,-0.00940,+0.01267,-0.01120,+0.00537,-0.03451,-0.02260,-0.01763,+0.01476,+0.01038,-0.11651,-0.13448,-0.24453,-0.18297,-0.18451,+0.23649,+0.21649,+0.03043,+0.03488,+0.01399,+0.00539,-0.00606,-0.00157,+0.00602,+0.00530,,,,,,+123.16861,+128.19881,+131.78446,+117.23140,+140.73552
31507646903,1,2026-08-11T15:33:10Z,e7e85e7f98c534f6c1c8a17946f5a701a6a9b039,workflow_dispatch,success,93833221108,success,"sm4-bitsliced-simd,sm4-aead,sm4-xts,sm2-key-exchange,tlcp","sm4-bitsliced-simd,sm4-aead,sm4-xts,sm2-key-exchange,tlcp,crypto-bigint-scalar",INTEL(R) XEON(R) PLATINUM 8573C,,ubuntu-24.04,20260720.247.2,6.17.0-1020-azure,rustc 1.97.1 (8bab26f4f 2026-07-14),cargo 1.97.1 (c980f4866 2026-06-30),100000,120,21,,e04f73d6871cdbf6e8c33e30bb82145a3070665a3ec9bf9b094fa9bb94ebd2b7,ee5cfda6badf187d696a8231df5777f3f9dcb49eb494e502a91d75db32065538,d660f330f719bd7a036e03ce852cd0e75dea5b2b19618344780774465903a36e,https://github.com/frankxue831/gm-crypto-rs/actions/runs/31507646903/job/93833221108,-0.00700,-0.00675,-0.01210,-0.00670,+0.00502,-0.03488,-0.02188,-0.06890,+0.00932,-0.00933,-0.00931,-0.01103,-0.01088,-0.01467,-0.03514,-0.06965,-0.05657,-0.00794,-0.00887,-0.00825,-0.00551,+0.00508,+0.00471,-0.00458,+0.00647,+0.00299,+0.00778,-0.01233,-0.01021,+0.01142,+60.61408,+63.23152,+59.26194,+63.63870,+64.98072
31507646903,1,2026-08-11T15:33:10Z,e7e85e7f98c534f6c1c8a17946f5a701a6a9b039,workflow_dispatch,success,93833221152,success,sm4-bitsliced,"sm4-bitsliced,crypto-bigint-scalar",AMD EPYC 7763 64-Core Processor,,ubuntu-24.04,20260720.247.2,6.17.0-1020-azure,rustc 1.97.1 (8bab26f4f 2026-07-14),cargo 1.97.1 (c980f4866 2026-06-30),100000,80,14,missing_target:ct_sm4_cbc_decrypt_fanout,e04f73d6871cdbf6e8c33e30bb82145a3070665a3ec9bf9b094fa9bb94ebd2b7,ee5cfda6badf187d696a8231df5777f3f9dcb49eb494e502a91d75db32065538,00c3ebe9308f285c3203f30a266d16cd40357c770f798dc704b1d8e36b12a93c,https://github.com/frankxue831/gm-crypto-rs/actions/runs/31507646903/job/93833221152,-0.00605,-0.01790,+0.00514,+0.00789,-0.00386,+0.08428,-0.01921,+0.14310,+0.02511,-0.04421,-0.27214,-0.10371,-0.25988,-0.24778,-0.13094,-0.01003,+0.03531,-0.01429,-0.01411,+0.02086,+0.00605,+0.00597,+0.00264,-0.01580,-0.00373,,,,,,+143.17451,+127.48845,+145.32893,+129.65124,+138.42271
31567008720,1,2026-08-12T05:34:44Z,adb76ed223ebfd61c1e8d915100baafa9bd98dd2,schedule,success,94020788600,success,default,crypto-bigint-scalar,AMD EPYC 7763 64-Core Processor,,ubuntu-24.04,20260720.247.2,6.17.0-1020-azure,rustc 1.97.1 (8bab26f4f 2026-07-14),cargo 1.97.1 (c980f4866 2026-06-30),100000,80,14,missing_target:ct_sm4_cbc_decrypt_fanout,35087f71a86067d6b493db8025c03d66bf612e222119c89d93d193f864d1a25f,83c1396b45b49d9886b6559da87f3f9af229c803aca9f63c20837cfae51291db,0af00ec27a5c4f5073b805c12aa98b9f3167b74df373b03f023bc142f292b92b,https://github.com/frankxue831/gm-crypto-rs/actions/runs/31567008720/job/94020788600,+0.00610,+0.00791,-0.00588,-0.00651,-0.00552,+0.01155,-0.02306,+0.01282,-0.00804,-0.01946,-0.21430,-0.20088,-0.21309,-0.14135,-0.11972,+0.02381,+0.05788,-0.02402,+0.04490,+0.20998,-0.00256,+0.00378,+0.00770,-0.00470,+0.00987,,,,,,+139.52854,+132.60268,+122.90202,+128.52517,+126.13469
31567008720,1,2026-08-12T05:34:44Z,adb76ed223ebfd61c1e8d915100baafa9bd98dd2,schedule,success,94020788638,success,sm4-bitsliced-simd,"sm4-bitsliced-simd,crypto-bigint-scalar",AMD EPYC 9V74 80-Core Processor,,ubuntu-24.04,20260720.247.2,6.17.0-1020-azure,rustc 1.97.1 (8bab26f4f 2026-07-14),cargo 1.97.1 (c980f4866 2026-06-30),100000,90,16,,35087f71a86067d6b493db8025c03d66bf612e222119c89d93d193f864d1a25f,83c1396b45b49d9886b6559da87f3f9af229c803aca9f63c20837cfae51291db,b9e9386e3ccd78f449804979c416f7bf0dc183359a7370018fbb5c5228079809,https://github.com/frankxue831/gm-crypto-rs/actions/runs/31567008720/job/94020788638,+0.04466,-0.38527,-0.24026,-0.07666,-0.29719,-0.19020,-0.22758,-0.33582,-0.25126,+0.13296,-0.20919,-0.17228,-0.17506,-0.17525,-0.15204,+0.01313,+0.00891,+0.02348,+0.02878,+0.01355,-0.00584,-0.00287,+0.00627,+0.01372,-0.00512,-0.07737,+0.06010,+0.11467,-0.10140,-0.04448,+70.84058,+66.27514,+120.07917,+78.66631,+70.12051
31567008720,1,2026-08-12T05:34:44Z,adb76ed223ebfd61c1e8d915100baafa9bd98dd2,schedule,success,94020788687,success,"sm4-bitsliced-simd,sm4-aead,sm4-xts,sm2-key-exchange,tlcp","sm4-bitsliced-simd,sm4-aead,sm4-xts,sm2-key-exchange,tlcp,crypto-bigint-scalar",AMD EPYC 7763 64-Core Processor,,ubuntu-24.04,20260720.247.2,6.17.0-1020-azure,rustc 1.97.1 (8bab26f4f 2026-07-14),cargo 1.97.1 (c980f4866 2026-06-30),100000,120,21,,35087f71a86067d6b493db8025c03d66bf612e222119c89d93d193f864d1a25f,83c1396b45b49d9886b6559da87f3f9af229c803aca9f63c20837cfae51291db,37056c07945b9879664060fff02c4664c4f978a7873b14c431a380fa5b106a79,https://github.com/frankxue831/gm-crypto-rs/actions/runs/31567008720/job/94020788687,-0.00914,-0.00425,+0.00641,+0.00967,+0.00667,+0.02160,+0.03711,-0.01868,-0.02244,-0.02160,-0.20973,-0.23314,-0.26286,-0.28797,-0.25995,+0.28334,+0.00983,+0.03416,-0.04269,+0.02922,-0.00440,-0.00359,-0.00242,-0.00742,+0.01781,+0.07043,-0.10996,-0.14521,+0.03134,+0.07162,+158.88885,+114.77785,+124.47009,+145.58318,+120.32423
31567008720,1,2026-08-12T05:34:44Z,adb76ed223ebfd61c1e8d915100baafa9bd98dd2,schedule,success,94020788690,success,sm4-bitsliced,"sm4-bitsliced,crypto-bigint-scalar",AMD EPYC 7763 64-Core Processor,,ubuntu-24.04,20260720.247.2,6.17.0-1020-azure,rustc 1.97.1 (8bab26f4f 2026-07-14),cargo 1.97.1 (c980f4866 2026-06-30),100000,80,14,missing_target:ct_sm4_cbc_decrypt_fanout,35087f71a86067d6b493db8025c03d66bf612e222119c89d93d193f864d1a25f,83c1396b45b49d9886b6559da87f3f9af229c803aca9f63c20837cfae51291db,ae52f5a3648d9bfd2cdbfdcadd50cb4a3ba96f240e7da179353f4e39ee9f1214,https://github.com/frankxue831/gm-crypto-rs/actions/runs/31567008720/job/94020788690,+0.00889,+0.00961,+0.01015,+0.00358,-0.00832,+0.08083,-0.00695,-0.05264,-0.03699,-0.04125,-0.16664,-0.15862,-0.21633,-0.13046,-0.14399,+0.01073,+0.31128,+0.03941,-0.00453,+0.01670,+0.00512,+0.00992,+0.02315,-0.00634,-0.00552,,,,,,+133.11000,+129.55606,+137.50290,+128.69292,+124.10222
31670809670,1,2026-08-13T05:34:58Z,adb76ed223ebfd61c1e8d915100baafa9bd98dd2,schedule,success,94354852586,success,sm4-bitsliced-simd,"sm4-bitsliced-simd,crypto-bigint-scalar",AMD EPYC 7763 64-Core Processor,,ubuntu-24.04,20260810.271.1,6.17.0-1022-azure,rustc 1.97.1 (8bab26f4f 2026-07-14),cargo 1.97.1 (c980f4866 2026-06-30),100000,90,16,,e464e96ca89574fd55a693a72cba4de2a420ea7e9831bdcfe2b89ac653cae5be,30f671df03488e48584af0d0d466c7ef25dac17bc4d9fe607c78f7c5e1f41a70,321bd3b9fb04d831f7fd93f88fbafacef530af57423a5bed27389acb56d3a59f,https://github.com/frankxue831/gm-crypto-rs/actions/runs/31670809670/job/94354852586,-0.01188,+0.02757,-0.00874,-0.00578,-0.00583,-0.02021,+0.01099,-0.01455,-0.03310,+0.03193,+0.32435,+0.35974,+0.22777,-0.06233,+0.26078,+0.30299,+0.04973,+0.02446,+0.31695,+0.31787,-0.00361,+0.00934,-0.02261,+0.00364,+0.02195,-0.02847,+0.00652,-0.03737,+0.00692,+0.02120,+127.47981,+96.83518,+46.31150,+96.06484,+127.73133
31670809670,1,2026-08-13T05:34:58Z,adb76ed223ebfd61c1e8d915100baafa9bd98dd2,schedule,success,94354852642,success,"sm4-bitsliced-simd,sm4-aead,sm4-xts,sm2-key-exchange,tlcp","sm4-bitsliced-simd,sm4-aead,sm4-xts,sm2-key-exchange,tlcp,crypto-bigint-scalar",AMD EPYC 7763 64-Core Processor,,ubuntu-24.04,20260720.247.2,6.17.0-1020-azure,rustc 1.97.1 (8bab26f4f 2026-07-14),cargo 1.97.1 (c980f4866 2026-06-30),100000,120,21,,e464e96ca89574fd55a693a72cba4de2a420ea7e9831bdcfe2b89ac653cae5be,30f671df03488e48584af0d0d466c7ef25dac17bc4d9fe607c78f7c5e1f41a70,4b0d6b156e729aab35c7247ee84bd40ad95694db2905731f0de3d07edbd5d1e5,https://github.com/frankxue831/gm-crypto-rs/actions/runs/31670809670/job/94354852642,-0.00679,+0.00671,+0.00756,-0.00559,-0.00420,+0.02294,-0.01413,+0.02831,+0.04132,+0.01506,-0.17364,-0.32762,-0.19783,-0.23835,-0.21564,+0.27466,-0.03632,+0.26225,+0.00709,+0.26045,-0.02980,+0.00179,-0.00513,-0.00280,-0.00491,-0.09624,+0.02236,+0.01473,+0.11326,+0.05601,+121.46675,+112.14973,+159.74363,+124.81223,+141.37063
31670809670,1,2026-08-13T05:34:58Z,adb76ed223ebfd61c1e8d915100baafa9bd98dd2,schedule,success,94354852682,success,default,crypto-bigint-scalar,Intel(R) Xeon(R) Platinum 8370C CPU @ 2.80GHz,,ubuntu-24.04,20260720.247.2,6.17.0-1020-azure,rustc 1.97.1 (8bab26f4f 2026-07-14),cargo 1.97.1 (c980f4866 2026-06-30),100000,80,14,missing_target:ct_sm4_cbc_decrypt_fanout,e464e96ca89574fd55a693a72cba4de2a420ea7e9831bdcfe2b89ac653cae5be,30f671df03488e48584af0d0d466c7ef25dac17bc4d9fe607c78f7c5e1f41a70,214046288927bcf928753147116bff39e6281e5e94ae32d798cd2e6b2e88496f,https://github.com/frankxue831/gm-crypto-rs/actions/runs/31670809670/job/94354852682,-0.01679,-0.02213,-0.01754,-0.03337,-0.02406,+0.04505,+0.04412,+0.03295,+0.04292,+0.05025,-0.12484,-0.10479,-0.14994,-0.09818,-0.13230,+0.03141,-0.00934,+0.04139,-0.00816,+0.01928,-0.00680,-0.00303,+0.00590,-0.00368,-0.00388,,,,,,+176.33636,+144.33990,+278.25064,+447.57307,+205.48794
31670809670,1,2026-08-13T05:34:58Z,adb76ed223ebfd61c1e8d915100baafa9bd98dd2,schedule,success,94354852725,success,sm4-bitsliced,"sm4-bitsliced,crypto-bigint-scalar",AMD EPYC 9V74 80-Core Processor,,ubuntu-24.04,20260720.247.2,6.17.0-1020-azure,rustc 1.97.1 (8bab26f4f 2026-07-14),cargo 1.97.1 (c980f4866 2026-06-30),100000,80,14,missing_target:ct_sm4_cbc_decrypt_fanout,e464e96ca89574fd55a693a72cba4de2a420ea7e9831bdcfe2b89ac653cae5be,30f671df03488e48584af0d0d466c7ef25dac17bc4d9fe607c78f7c5e1f41a70,3128c292ece1b63c6331cc8253549b405512060457cebd4fb10b8870a021a40c,https://github.com/frankxue831/gm-crypto-rs/actions/runs/31670809670/job/94354852725,-0.15944,-0.11440,-0.25016,-0.28544,-0.03441,-0.01620,+0.12785,-0.23494,-0.05958,-0.01738,-0.22648,-0.22898,-0.15212,-0.12987,-0.15944,+0.04189,+0.00647,+0.00803,+0.00651,+0.02457,+0.00491,-0.00997,-0.00341,-0.00263,+0.00602,,,,,,+76.25464,+74.29210,+92.85572,+225.48590,+72.12307
31773440060,1,2026-08-14T05:34:37Z,adb76ed223ebfd61c1e8d915100baafa9bd98dd2,schedule,success,94683863746,success,sm4-bitsliced,"sm4-bitsliced,crypto-bigint-scalar",AMD EPYC 9V74 80-Core Processor,,ubuntu-24.04,20260720.247.2,6.17.0-1020-azure,rustc 1.97.1 (8bab26f4f 2026-07-14),cargo 1.97.1 (c980f4866 2026-06-30),100000,80,14,missing_target:ct_sm4_cbc_decrypt_fanout,139771d04f715b88b6487ffd9b8c1484dce12f2036f75fecb3b1be9e49011be6,296e18d8ab6e1bc07c75464b7b3db1ef5d317cf2acdec29c9d1bc09b2773703a,5f4f44528330833dec72de61a1b9ad0a47ef85605e1319de499c71140153b4d3,https://github.com/frankxue831/gm-crypto-rs/actions/runs/31773440060/job/94683863746,-0.10523,-0.06389,+0.03945,-0.10195,-0.02460,-0.36465,+0.03914,-0.21537,-0.20683,-0.25610,-0.20674,-0.18077,-0.20560,-0.15593,-0.15239,+0.00987,+0.03184,+0.00698,+0.01118,+0.00913,-0.00472,+0.00603,-0.00466,-0.00294,+0.00604,,,,,,+77.40853,+62.57154,+73.12971,+95.39161,+100.15724
31773440060,1,2026-08-14T05:34:37Z,adb76ed223ebfd61c1e8d915100baafa9bd98dd2,schedule,success,94683863771,success,"sm4-bitsliced-simd,sm4-aead,sm4-xts,sm2-key-exchange,tlcp","sm4-bitsliced-simd,sm4-aead,sm4-xts,sm2-key-exchange,tlcp,crypto-bigint-scalar",AMD EPYC 9V74 80-Core Processor,,ubuntu-24.04,20260720.247.2,6.17.0-1020-azure,rustc 1.97.1 (8bab26f4f 2026-07-14),cargo 1.97.1 (c980f4866 2026-06-30),100000,120,21,,139771d04f715b88b6487ffd9b8c1484dce12f2036f75fecb3b1be9e49011be6,296e18d8ab6e1bc07c75464b7b3db1ef5d317cf2acdec29c9d1bc09b2773703a,90c102d1d75e050165f538d8ab79d5aa6f460db01bd8930a082295f512d0614e,https://github.com/frankxue831/gm-crypto-rs/actions/runs/31773440060/job/94683863771,-0.08952,-0.08151,+0.01191,+0.00873,-0.02907,-0.30694,-0.30653,+0.08348,-0.20104,-0.19636,-0.20261,-0.19608,-0.17133,-0.15880,-0.17421,+0.00708,-0.03473,-0.01762,+0.02414,+0.02143,-0.00555,+0.00685,+0.00462,+0.00421,-0.00391,+0.00823,+0.01026,-0.08217,+0.03084,-0.03985,+75.05768,+95.79106,+84.49329,+124.65087,+86.36651
31773440060,1,2026-08-14T05:34:37Z,adb76ed223ebfd61c1e8d915100baafa9bd98dd2,schedule,success,94683863804,success,sm4-bitsliced-simd,"sm4-bitsliced-simd,crypto-bigint-scalar",AMD EPYC 7763 64-Core Processor,,ubuntu-24.04,20260810.271.1,6.17.0-1022-azure,rustc 1.97.1 (8bab26f4f 2026-07-14),cargo 1.97.1 (c980f4866 2026-06-30),100000,90,16,,139771d04f715b88b6487ffd9b8c1484dce12f2036f75fecb3b1be9e49011be6,296e18d8ab6e1bc07c75464b7b3db1ef5d317cf2acdec29c9d1bc09b2773703a,0e74057e037ec531b5371775064625d57b60cdf2c058ccb9442be8a39c2bd314,https://github.com/frankxue831/gm-crypto-rs/actions/runs/31773440060/job/94683863804,-0.02112,-0.00654,-0.00677,-0.01206,+0.00704,+0.03360,+0.01100,+0.01307,+0.01649,-0.01160,-0.37090,-0.27926,-0.28276,-0.33234,-0.27285,+0.02055,+0.05288,+0.03969,+0.02494,+0.31084,+0.01035,-0.00436,+0.00395,+0.00522,-0.00461,-0.01753,-0.06001,-0.01195,-0.01267,+0.01690,+104.92664,+140.71660,+127.10518,+131.77646,+127.50932
31773440060,1,2026-08-14T05:34:37Z,adb76ed223ebfd61c1e8d915100baafa9bd98dd2,schedule,success,94683863955,success,default,crypto-bigint-scalar,AMD EPYC 9V74 80-Core Processor,,ubuntu-24.04,20260810.271.1,6.17.0-1022-azure,rustc 1.97.1 (8bab26f4f 2026-07-14),cargo 1.97.1 (c980f4866 2026-06-30),100000,80,14,missing_target:ct_sm4_cbc_decrypt_fanout,139771d04f715b88b6487ffd9b8c1484dce12f2036f75fecb3b1be9e49011be6,296e18d8ab6e1bc07c75464b7b3db1ef5d317cf2acdec29c9d1bc09b2773703a,8d226bf5d928d6fc20a92a0e51465e4e93ca48ee97cdd0fb12ff0d0cd37d5dde,https://github.com/frankxue831/gm-crypto-rs/actions/runs/31773440060/job/94683863955,-0.07119,+0.00832,-0.14408,-0.14127,-0.10335,-0.32527,+0.05531,-0.33174,-0.16069,-0.12925,-0.20547,-0.18061,-0.19546,-0.21736,-0.19883,+0.00702,-0.00702,+0.00570,+0.00457,+0.01162,-0.01367,+0.00732,-0.00713,+0.01364,+0.00566,,,,,,+73.51497,+69.74851,+69.74715,+65.93560,+67.31733
31866214345,1,2026-08-15T05:08:47Z,adb76ed223ebfd61c1e8d915100baafa9bd98dd2,schedule,success,94967620085,success,sm4-bitsliced-simd,"sm4-bitsliced-simd,crypto-bigint-scalar",AMD EPYC 7763 64-Core Processor,,ubuntu-24.04,20260810.271.1,6.17.0-1022-azure,rustc 1.97.1 (8bab26f4f 2026-07-14),cargo 1.97.1 (c980f4866 2026-06-30),100000,90,16,,526b31d90b8a63de7a2b36b7b43043c1d9c3a09b3ba452bebc09c64352a3ceff,4984201484fa58ea8b73731d6f3230cde4e5c6a074abe138a6643161485da57a,b5f67a8c8b5035e79a52ca8069605ff259e609aa041343abc91241393aa372e3,https://github.com/frankxue831/gm-crypto-rs/actions/runs/31866214345/job/94967620085,+0.00771,+0.00645,-0.00720,-0.00732,+0.01855,+0.02147,-0.01520,-0.01273,+0.01567,-0.11179,-0.17974,-0.27726,-0.34092,-0.30655,-0.29590,-0.01296,+0.01786,+0.00789,+0.02405,+0.32761,-0.00168,+0.00550,+0.01534,+0.00757,-0.00431,+0.01259,-0.01466,-0.07518,+0.02231,-0.00443,+127.70179,+133.04519,+127.16039,+130.46709,+127.40387
31866214345,1,2026-08-15T05:08:47Z,adb76ed223ebfd61c1e8d915100baafa9bd98dd2,schedule,success,94967620169,success,sm4-bitsliced,"sm4-bitsliced,crypto-bigint-scalar",INTEL(R) XEON(R) PLATINUM 8573C,,ubuntu-24.04,20260810.271.1,6.17.0-1022-azure,rustc 1.97.1 (8bab26f4f 2026-07-14),cargo 1.97.1 (c980f4866 2026-06-30),100000,80,14,missing_target:ct_sm4_cbc_decrypt_fanout,526b31d90b8a63de7a2b36b7b43043c1d9c3a09b3ba452bebc09c64352a3ceff,4984201484fa58ea8b73731d6f3230cde4e5c6a074abe138a6643161485da57a,440ae91f621a3930109d313b85a3c4b801741fa0ad8a2513f09c7b2e33cb9207,https://github.com/frankxue831/gm-crypto-rs/actions/runs/31866214345/job/94967620169,-0.01320,-0.00794,-0.03038,+0.00596,-0.01012,+0.05088,-0.04478,+0.03945,-0.02073,+0.04828,-0.01792,-0.03567,-0.02469,-0.03848,-0.02898,+0.07314,-0.07917,+0.07237,-0.01387,+0.08030,+0.00357,+0.00578,+0.00401,-0.00741,+0.00640,,,,,,+64.02109,+66.44353,+64.80061,+54.85655,+62.85209
31866214345,1,2026-08-15T05:08:47Z,adb76ed223ebfd61c1e8d915100baafa9bd98dd2,schedule,success,94967620170,success,"sm4-bitsliced-simd,sm4-aead,sm4-xts,sm2-key-exchange,tlcp","sm4-bitsliced-simd,sm4-aead,sm4-xts,sm2-key-exchange,tlcp,crypto-bigint-scalar",AMD EPYC 7763 64-Core Processor,,ubuntu-24.04,20260810.271.1,6.17.0-1022-azure,rustc 1.97.1 (8bab26f4f 2026-07-14),cargo 1.97.1 (c980f4866 2026-06-30),100000,120,21,,526b31d90b8a63de7a2b36b7b43043c1d9c3a09b3ba452bebc09c64352a3ceff,4984201484fa58ea8b73731d6f3230cde4e5c6a074abe138a6643161485da57a,3dec52592e63646bf22c79cd75187eddb8b07335d3e55a4a1dcf434bf297b8ce,https://github.com/frankxue831/gm-crypto-rs/actions/runs/31866214345/job/94967620170,+0.00541,-0.00467,-0.00670,-0.00646,-0.00883,+0.03525,-0.03337,-0.02047,-0.02280,+0.03587,-0.28708,-0.26047,-0.31081,-0.30622,-0.19907,+0.01226,+0.00654,+0.00853,-0.01245,+0.01207,+0.02216,+0.00473,-0.00127,+0.00487,+0.00925,+0.01382,-0.07902,+0.06143,+0.01933,-0.03756,+155.51680,+150.58822,+143.65394,+143.18817,+148.40748
31866214345,1,2026-08-15T05:08:47Z,adb76ed223ebfd61c1e8d915100baafa9bd98dd2,schedule,success,94967620176,success,default,crypto-bigint-scalar,AMD EPYC 7763 64-Core Processor,,ubuntu-24.04,20260810.271.1,6.17.0-1022-azure,rustc 1.97.1 (8bab26f4f 2026-07-14),cargo 1.97.1 (c980f4866 2026-06-30),100000,80,14,missing_target:ct_sm4_cbc_decrypt_fanout,526b31d90b8a63de7a2b36b7b43043c1d9c3a09b3ba452bebc09c64352a3ceff,4984201484fa58ea8b73731d6f3230cde4e5c6a074abe138a6643161485da57a,56332835bd3a71bba12dba79d87619dfb873db4c92db14fa8b24a491dfa4a92f,https://github.com/frankxue831/gm-crypto-rs/actions/runs/31866214345/job/94967620176,+0.00822,+0.00851,+0.00650,-0.00604,+0.00754,+0.02293,+0.00745,-0.01933,-0.02150,+0.00570,-0.19760,-0.19879,-0.11150,-0.12921,-0.24957,+0.03298,+0.03376,+0.24129,+0.22176,+0.03121,+0.00202,+0.00756,-0.01894,+0.00603,-0.01271,,,,,,+140.55074,+144.33917,+138.55209,+141.26466,+137.63715
31928366179,1,2026-08-16T05:10:06Z,2fe8a0282103fb83b8c313fcd7996b825d27d608,schedule,success,95119360305,success,"sm4-bitsliced-simd,sm4-aead,sm4-xts,sm2-key-exchange,tlcp","sm4-bitsliced-simd,sm4-aead,sm4-xts,sm2-key-exchange,tlcp,crypto-bigint-scalar",AMD EPYC 7763 64-Core Processor,,ubuntu-24.04,20260810.271.1,6.17.0-1022-azure,rustc 1.97.1 (8bab26f4f 2026-07-14),cargo 1.97.1 (c980f4866 2026-06-30),100000,120,21,,aa7b922f9de1e91cc2893ac4b39a9eda7d9333c50b92c92609366788e6ab8c3b,4a22690c97ed169cecb07271cd99226335c202155efed8a549db7d421e6c8dba,3711eddd67cb7af18bd2dad01cf8b1e944ddaa3b24273440fe40c1c448ade69f,https://github.com/frankxue831/gm-crypto-rs/actions/runs/31928366179/job/95119360305,+0.00522,-0.00802,-0.00866,+0.00827,-0.00431,+0.03025,+0.05168,+0.04435,-0.04675,+0.04566,-0.25817,-0.28228,-0.31647,-0.26184,-0.29179,+0.01028,-0.00627,+0.00802,+0.01045,+0.00776,-0.00294,-0.00326,+0.02003,+0.00366,-0.02163,-0.11469,-0.23688,-0.00713,-0.03911,+0.02759,+113.01383,+159.27914,+149.52811,+156.67506,+147.23329
31928366179,1,2026-08-16T05:10:06Z,2fe8a0282103fb83b8c313fcd7996b825d27d608,schedule,success,95119360370,success,sm4-bitsliced,"sm4-bitsliced,crypto-bigint-scalar",AMD EPYC 7763 64-Core Processor,,ubuntu-24.04,20260810.271.1,6.17.0-1022-azure,rustc 1.97.1 (8bab26f4f 2026-07-14),cargo 1.97.1 (c980f4866 2026-06-30),100000,80,14,missing_target:ct_sm4_cbc_decrypt_fanout,aa7b922f9de1e91cc2893ac4b39a9eda7d9333c50b92c92609366788e6ab8c3b,4a22690c97ed169cecb07271cd99226335c202155efed8a549db7d421e6c8dba,f26bc32f6bb2bd31bee2fb39c0ae47d7cb4f90214eb6a71f1b39f016e9b38997,https://github.com/frankxue831/gm-crypto-rs/actions/runs/31928366179/job/95119360370,-0.00727,-0.02714,-0.00374,-0.00752,-0.04005,-0.02479,+0.00786,+0.02258,-0.03888,-0.03286,-0.17044,-0.09638,-0.18374,-0.11215,-0.10275,+0.00869,+0.32489,+0.01824,+0.02560,+0.33258,+0.00226,-0.00415,-0.00787,-0.01921,+0.00367,,,,,,+107.82515,+105.56572,+144.60009,+127.93215,+138.15120
31928366179,1,2026-08-16T05:10:06Z,2fe8a0282103fb83b8c313fcd7996b825d27d608,schedule,success,95119360462,success,default,crypto-bigint-scalar,AMD EPYC 7763 64-Core Processor,,ubuntu-24.04,20260810.271.1,6.17.0-1022-azure,rustc 1.97.1 (8bab26f4f 2026-07-14),cargo 1.97.1 (c980f4866 2026-06-30),100000,80,14,missing_target:ct_sm4_cbc_decrypt_fanout,aa7b922f9de1e91cc2893ac4b39a9eda7d9333c50b92c92609366788e6ab8c3b,4a22690c97ed169cecb07271cd99226335c202155efed8a549db7d421e6c8dba,25a3a09480c7814adbd50efb20f1626160afd37a0148ae5f20c0f3b09f7e1948,https://github.com/frankxue831/gm-crypto-rs/actions/runs/31928366179/job/95119360462,-0.00744,-0.00884,-0.00799,+0.00532,+0.00585,-0.01025,-0.02024,+0.01269,+0.00925,+0.01529,-0.16251,-0.12590,-0.24786,-0.23906,-0.23226,+0.22658,+0.23211,+0.04309,+0.03740,+0.03570,-0.02087,-0.00331,-0.00552,-0.00612,+0.01677,,,,,,+132.20852,+122.12216,+104.05145,+129.96742,+125.32259
31928366179,1,2026-08-16T05:10:06Z,2fe8a0282103fb83b8c313fcd7996b825d27d608,schedule,success,95119360486,success,sm4-bitsliced-simd,"sm4-bitsliced-simd,crypto-bigint-scalar",AMD EPYC 7763 64-Core Processor,,ubuntu-24.04,20260810.271.1,6.17.0-1022-azure,rustc 1.97.1 (8bab26f4f 2026-07-14),cargo 1.97.1 (c980f4866 2026-06-30),100000,90,16,,aa7b922f9de1e91cc2893ac4b39a9eda7d9333c50b92c92609366788e6ab8c3b,4a22690c97ed169cecb07271cd99226335c202155efed8a549db7d421e6c8dba,487d5525b1f26e62397f54ef1060d88e0293c15ad76c88a22814c910f4d9f96f,https://github.com/frankxue831/gm-crypto-rs/actions/runs/31928366179/job/95119360486,+0.00590,-0.00596,+0.00900,-0.00476,+0.00422,+0.01061,+0.01578,+0.03463,-0.01636,-0.00887,-0.33141,-0.25641,-0.27462,-0.26223,-0.39033,+0.01361,+0.30556,+0.32366,+0.31351,+0.01234,+0.00455,-0.00559,+0.01544,-0.01544,+0.00678,+0.00749,+0.01275,-0.01357,-0.01476,-0.01189,+129.93984,+132.06265,+121.20577,+132.22008,+125.68067
31997333314,1,2026-08-17T05:16:40Z,2fe8a0282103fb83b8c313fcd7996b825d27d608,schedule,success,95291216973,success,sm4-bitsliced-simd,"sm4-bitsliced-simd,crypto-bigint-scalar",AMD EPYC 7763 64-Core Processor,,ubuntu-24.04,20260810.271.1,6.17.0-1022-azure,rustc 1.97.1 (8bab26f4f 2026-07-14),cargo 1.97.1 (c980f4866 2026-06-30),100000,90,16,,31a502c4f4428e27de0ccfc0309e6f070249c851d29f321c1a7a5cc1abd29800,fedf7fb9de9af94024d0a9380461e9c566623ca3835d199696a85a87f3c70109,23a40c5dc48deb4e66e926b9aca2a17c5051f789fa50a45aa6a9dc52f76db0c8,https://github.com/frankxue831/gm-crypto-rs/actions/runs/31997333314/job/95291216973,+0.00534,+0.03105,+0.00856,+0.00540,+0.00669,-0.02338,+0.00716,+0.00546,+0.01412,+0.01332,-0.25043,-0.44302,-0.33916,-0.27694,-0.22714,+0.02992,+0.01091,+0.01292,+0.03837,+0.04810,+0.00626,+0.00865,+0.02148,-0.01545,-0.00554,-0.00768,+0.01309,+0.03749,+0.00622,+0.00857,+118.84689,+108.94770,+139.62925,+127.64877,+88.23467
31997333314,1,2026-08-17T05:16:40Z,2fe8a0282103fb83b8c313fcd7996b825d27d608,schedule,success,95291216993,success,sm4-bitsliced,"sm4-bitsliced,crypto-bigint-scalar",AMD EPYC 7763 64-Core Processor,,ubuntu-24.04,20260810.271.1,6.17.0-1022-azure,rustc 1.97.1 (8bab26f4f 2026-07-14),cargo 1.97.1 (c980f4866 2026-06-30),100000,80,14,missing_target:ct_sm4_cbc_decrypt_fanout,31a502c4f4428e27de0ccfc0309e6f070249c851d29f321c1a7a5cc1abd29800,fedf7fb9de9af94024d0a9380461e9c566623ca3835d199696a85a87f3c70109,750de1d73aae55c7be772ae53595a86b09ce1246b3b14b72dc94658ec982831b,https://github.com/frankxue831/gm-crypto-rs/actions/runs/31997333314/job/95291216993,+0.00734,+0.00807,-0.01498,-0.00906,-0.00883,-0.04396,-0.02922,-0.02732,+0.16118,-0.02423,-0.17169,-0.17196,-0.12924,-0.26398,-0.10639,-0.03037,-0.01750,+0.02331,+0.00769,+0.30132,+0.00301,+0.00874,-0.00853,+0.00730,-0.00315,,,,,,+130.00692,+143.98240,+127.92289,+111.79535,+126.76366
31997333314,1,2026-08-17T05:16:40Z,2fe8a0282103fb83b8c313fcd7996b825d27d608,schedule,success,95291217104,success,default,crypto-bigint-scalar,AMD EPYC 7763 64-Core Processor,,ubuntu-24.04,20260810.271.1,6.17.0-1022-azure,rustc 1.97.1 (8bab26f4f 2026-07-14),cargo 1.97.1 (c980f4866 2026-06-30),100000,80,14,missing_target:ct_sm4_cbc_decrypt_fanout,31a502c4f4428e27de0ccfc0309e6f070249c851d29f321c1a7a5cc1abd29800,fedf7fb9de9af94024d0a9380461e9c566623ca3835d199696a85a87f3c70109,d5b520a72623a38cdd25f06d3740c9cf55f8f5c101eb07f1dac7161c8537a925,https://github.com/frankxue831/gm-crypto-rs/actions/runs/31997333314/job/95291217104,+0.00672,-0.00713,-0.01613,-0.00779,-0.00882,+0.01206,+0.01387,-0.01711,+0.00605,-0.01843,-0.20168,-0.12307,-0.14541,-0.13900,-0.14281,+0.04474,+0.24407,+0.24145,+0.03188,+0.25393,-0.00728,-0.01617,-0.02166,-0.00663,+0.02294,,,,,,+127.19532,+99.22342,+516.83397,+98.51541,+136.97794
31997333314,1,2026-08-17T05:16:40Z,2fe8a0282103fb83b8c313fcd7996b825d27d608,schedule,success,95291217109,success,"sm4-bitsliced-simd,sm4-aead,sm4-xts,sm2-key-exchange,tlcp","sm4-bitsliced-simd,sm4-aead,sm4-xts,sm2-key-exchange,tlcp,crypto-bigint-scalar",AMD EPYC 9V74 80-Core Processor,,ubuntu-24.04,20260810.271.1,6.17.0-1022-azure,rustc 1.97.1 (8bab26f4f 2026-07-14),cargo 1.97.1 (c980f4866 2026-06-30),100000,120,21,,31a502c4f4428e27de0ccfc0309e6f070249c851d29f321c1a7a5cc1abd29800,fedf7fb9de9af94024d0a9380461e9c566623ca3835d199696a85a87f3c70109,6272139f9bd61c43174c81a07ad1dbbc58dad925162b7103e71713f2f4c88713,https://github.com/frankxue831/gm-crypto-rs/actions/runs/31997333314/job/95291217109,-0.26035,+0.00886,-0.10469,-0.07136,-0.12419,+0.03962,-0.18816,-0.13262,+0.05090,-0.28705,-0.14659,-0.15864,-0.19836,-0.17274,-0.21148,+0.00681,+0.01320,+0.00428,+0.00399,-0.00554,+0.00758,+0.00415,-0.00592,-0.00627,+0.00542,-0.07573,-0.04341,-0.11307,+0.01298,+0.01944,+100.73170,+90.58571,+68.27544,+94.19442,+99.63406
32101946604,1,2026-08-18T05:11:52Z,2fe8a0282103fb83b8c313fcd7996b825d27d608,schedule,success,95604032216,success,default,crypto-bigint-scalar,Intel(R) Xeon(R) 6973P-C,,ubuntu-24.04,20260810.271.1,6.17.0-1022-azure,rustc 1.97.1 (8bab26f4f 2026-07-14),cargo 1.97.1 (c980f4866 2026-06-30),100000,80,14,missing_target:ct_sm4_cbc_decrypt_fanout,cb9de0d731ab45c34ba76a1742213376abfd94936961dfd36beb6269c733ae55,d1dc4a06d5b05be145c5b8cfac792f1cde34bd4b68ad8b7f22d74864f37dee60,3b3b160ae91b77f9a0e61ac8619b7e73c854936572c50bdc0475bbec45555101,https://github.com/frankxue831/gm-crypto-rs/actions/runs/32101946604/job/95604032216,+0.00843,-0.00591,-0.01190,+0.00752,+0.00689,+0.01030,+0.01162,+0.00610,+0.01860,+0.02012,-0.02846,-0.02896,-0.02611,-0.02438,-0.02907,+0.01295,+0.01166,+0.01057,+0.01119,+0.06310,-0.00503,+0.00452,+0.00323,+0.00448,-0.00636,,,,,,+59.81129,+59.67762,+59.47548,+59.44713,+67.07091
32101946604,1,2026-08-18T05:11:52Z,2fe8a0282103fb83b8c313fcd7996b825d27d608,schedule,success,95604032250,success,"sm4-bitsliced-simd,sm4-aead,sm4-xts,sm2-key-exchange,tlcp","sm4-bitsliced-simd,sm4-aead,sm4-xts,sm2-key-exchange,tlcp,crypto-bigint-scalar",AMD EPYC 7763 64-Core Processor,,ubuntu-24.04,20260810.271.1,6.17.0-1022-azure,rustc 1.97.1 (8bab26f4f 2026-07-14),cargo 1.97.1 (c980f4866 2026-06-30),100000,120,21,,cb9de0d731ab45c34ba76a1742213376abfd94936961dfd36beb6269c733ae55,d1dc4a06d5b05be145c5b8cfac792f1cde34bd4b68ad8b7f22d74864f37dee60,84e4d328c2fe98c7af35a45ac87a5042dfc25d1aed691ef86aecf61aad785597,https://github.com/frankxue831/gm-crypto-rs/actions/runs/32101946604/job/95604032250,-0.00517,+0.00540,+0.01384,+0.00494,+0.00580,+0.02836,+0.04309,+0.04779,-0.02399,+0.02458,-0.18684,-0.25026,-0.29305,-0.29257,-0.20992,+0.30920,+0.01047,+0.01962,-0.00762,+0.28293,+0.01963,-0.00608,+0.00223,+0.00432,+0.00477,+0.01454,+0.05218,-0.01902,+0.03748,+0.02397,+146.66190,+150.41988,+163.15821,+150.63616,+142.30308
32101946604,1,2026-08-18T05:11:52Z,2fe8a0282103fb83b8c313fcd7996b825d27d608,schedule,success,95604032351,success,sm4-bitsliced-simd,"sm4-bitsliced-simd,crypto-bigint-scalar",INTEL(R) XEON(R) PLATINUM 8573C,,ubuntu-24.04,20260810.271.1,6.17.0-1022-azure,rustc 1.97.1 (8bab26f4f 2026-07-14),cargo 1.97.1 (c980f4866 2026-06-30),100000,90,16,,cb9de0d731ab45c34ba76a1742213376abfd94936961dfd36beb6269c733ae55,d1dc4a06d5b05be145c5b8cfac792f1cde34bd4b68ad8b7f22d74864f37dee60,760492ef82414dd306ebfa445ebb8c1c71ec98c178588f44462558068afc1177,https://github.com/frankxue831/gm-crypto-rs/actions/runs/32101946604/job/95604032351,-0.00982,+0.01681,-0.01327,-0.01085,-0.01967,-0.00767,-0.00478,-0.02088,+0.03348,+0.04429,-0.03183,-0.02507,-0.02645,-0.03290,-0.03158,+0.00867,+0.01208,-0.03404,+0.04282,+0.02597,+0.00432,-0.00591,-0.00629,-0.00539,-0.00706,-0.00577,+0.01841,-0.01496,-0.01171,-0.01710,+61.10458,+35.23512,+61.13521,+65.35139,+62.05902
32101946604,1,2026-08-18T05:11:52Z,2fe8a0282103fb83b8c313fcd7996b825d27d608,schedule,success,95604032387,success,sm4-bitsliced,"sm4-bitsliced,crypto-bigint-scalar",AMD EPYC 7763 64-Core Processor,,ubuntu-24.04,20260810.271.1,6.17.0-1022-azure,rustc 1.97.1 (8bab26f4f 2026-07-14),cargo 1.97.1 (c980f4866 2026-06-30),100000,80,14,missing_target:ct_sm4_cbc_decrypt_fanout,cb9de0d731ab45c34ba76a1742213376abfd94936961dfd36beb6269c733ae55,d1dc4a06d5b05be145c5b8cfac792f1cde34bd4b68ad8b7f22d74864f37dee60,c26950b96fd6c0214d02ac0cbce031b896734d7c2182355c22c6adf3b8582432,https://github.com/frankxue831/gm-crypto-rs/actions/runs/32101946604/job/95604032387,-0.00739,+0.01291,+0.00788,-0.01014,-0.01460,+0.12156,-0.03009,-0.02585,-0.01970,-0.02033,-0.27086,-0.19077,-0.18346,-0.11028,-0.10947,+0.00409,-0.01077,-0.00714,+0.02618,+0.01601,-0.00522,+0.00532,+0.00466,+0.01595,+0.00514,,,,,,+114.43928,+107.88966,+129.71936,+141.26986,+128.51267
32218525595,1,2026-08-19T05:11:55Z,2fe8a0282103fb83b8c313fcd7996b825d27d608,schedule,success,95964480026,success,default,crypto-bigint-scalar,AMD EPYC 9V74 80-Core Processor,,ubuntu-24.04,20260816.277.1,6.17.0-1022-azure,rustc 1.97.1 (8bab26f4f 2026-07-14),cargo 1.97.1 (c980f4866 2026-06-30),100000,80,14,missing_target:ct_sm4_cbc_decrypt_fanout,a90d337226d93ab4486bae185babe01b54cdd9541d307a6332eca8c31e09934a,a6109cdc8aa4148bd06c58ae41401d04a4f39ad546e8b795054a51c370cfab2b,03e978005ca58698eddba5ad245d9fb261320d10ebff5ae5e8c3277c6ba3eb47,https://github.com/frankxue831/gm-crypto-rs/actions/runs/32218525595/job/95964480026,-0.05176,+0.09323,+0.00911,-0.12729,+0.01783,+0.07101,-0.34676,+0.02563,-0.01246,-0.04737,-0.18499,-0.18416,-0.16101,-0.23607,-0.25296,+0.00611,-0.01196,+0.01345,+0.00622,+0.02140,-0.00884,+0.00300,+0.00806,-0.00802,-0.00545,,,,,,+67.04477,+90.59746,+65.67198,+70.73186,+91.38743
32218525595,1,2026-08-19T05:11:55Z,2fe8a0282103fb83b8c313fcd7996b825d27d608,schedule,success,95964480037,success,"sm4-bitsliced-simd,sm4-aead,sm4-xts,sm2-key-exchange,tlcp","sm4-bitsliced-simd,sm4-aead,sm4-xts,sm2-key-exchange,tlcp,crypto-bigint-scalar",Intel(R) Xeon(R) 6973P-C,,ubuntu-24.04,20260810.271.1,6.17.0-1022-azure,rustc 1.97.1 (8bab26f4f 2026-07-14),cargo 1.97.1 (c980f4866 2026-06-30),100000,120,21,,a90d337226d93ab4486bae185babe01b54cdd9541d307a6332eca8c31e09934a,a6109cdc8aa4148bd06c58ae41401d04a4f39ad546e8b795054a51c370cfab2b,154e269b76dd91d677a058475b975b00aa2c84b6fff05c7d91bda22952f67c42,https://github.com/frankxue831/gm-crypto-rs/actions/runs/32218525595/job/95964480037,-0.00748,+0.00616,+0.00601,-0.00882,-0.00869,-0.01118,-0.00977,+0.00911,+0.00855,-0.01311,-0.01110,-0.01629,-0.02098,-0.01841,-0.01717,-0.00874,-0.01458,-0.01143,+0.00559,-0.01066,-0.00369,+0.00802,-0.00377,+0.00467,-0.00631,+0.02008,-0.00812,+0.00826,-0.00705,+0.00692,+55.37017,+54.19850,+65.83370,+54.52408,+59.51960
32218525595,1,2026-08-19T05:11:55Z,2fe8a0282103fb83b8c313fcd7996b825d27d608,schedule,success,95964480052,success,sm4-bitsliced,"sm4-bitsliced,crypto-bigint-scalar",AMD EPYC 7763 64-Core Processor,,ubuntu-24.04,20260810.271.1,6.17.0-1022-azure,rustc 1.97.1 (8bab26f4f 2026-07-14),cargo 1.97.1 (c980f4866 2026-06-30),100000,80,14,missing_target:ct_sm4_cbc_decrypt_fanout,a90d337226d93ab4486bae185babe01b54cdd9541d307a6332eca8c31e09934a,a6109cdc8aa4148bd06c58ae41401d04a4f39ad546e8b795054a51c370cfab2b,9b0c0ad5dd549e3e86453424a384cb5e8a1d3031fa1e956bdf27fa63a3fd095c,https://github.com/frankxue831/gm-crypto-rs/actions/runs/32218525595/job/95964480052,-0.00902,-0.01555,-0.01238,-0.00751,-0.00791,-0.03990,-0.06265,-0.03374,-0.01301,-0.03418,-0.20609,-0.08998,-0.11793,-0.11264,-0.17371,-0.01355,+0.26962,+0.01527,+0.02531,-0.01835,-0.00696,-0.00536,+0.00254,+0.00494,-0.00712,,,,,,+138.39402,+128.64835,+122.43457,+119.09393,+126.36874
32218525595,1,2026-08-19T05:11:55Z,2fe8a0282103fb83b8c313fcd7996b825d27d608,schedule,success,95964480068,success,sm4-bitsliced-simd,"sm4-bitsliced-simd,crypto-bigint-scalar",AMD EPYC 7763 64-Core Processor,,ubuntu-24.04,20260810.271.1,6.17.0-1022-azure,rustc 1.97.1 (8bab26f4f 2026-07-14),cargo 1.97.1 (c980f4866 2026-06-30),100000,90,16,,a90d337226d93ab4486bae185babe01b54cdd9541d307a6332eca8c31e09934a,a6109cdc8aa4148bd06c58ae41401d04a4f39ad546e8b795054a51c370cfab2b,abe072ed95b77ff21220a91c2e79e8eb9e5913a61386ecbcdbe9d2e3ca938434,https://github.com/frankxue831/gm-crypto-rs/actions/runs/32218525595/job/95964480068,-0.00771,+0.00605,+0.00944,-0.00730,+0.00538,+0.01700,+0.04308,+0.01340,+0.04762,+0.01566,-0.21287,-0.27314,-0.32623,-0.27421,-0.25543,+0.03358,+0.30736,+0.03612,+0.34114,+0.04953,+0.00428,+0.00222,-0.00882,-0.00619,+0.00634,+0.04083,+0.02390,+0.01194,+0.02458,+0.02953,+135.70410,+130.13473,+131.12404,+90.25662,+130.89611
32334724256,1,2026-08-20T05:12:32Z,2fe8a0282103fb83b8c313fcd7996b825d27d608,schedule,success,96321929871,success,sm4-bitsliced-simd,"sm4-bitsliced-simd,crypto-bigint-scalar",AMD EPYC 7763 64-Core Processor,,ubuntu-24.04,20260816.277.1,6.17.0-1022-azure,rustc 1.97.1 (8bab26f4f 2026-07-14),cargo 1.97.1 (c980f4866 2026-06-30),100000,90,16,,0a90db076db847f62475979553b8e0f63b997e6c857f171535f960b20b840cd9,7ccb3e9d97000aae1fdde220e4c78f764499d920253948dcbabee59223431190,c02da1005dd633e2a2d89bf3fbcb1b14b7995074adf6ba498580cb921cb0dfee,https://github.com/frankxue831/gm-crypto-rs/actions/runs/32334724256/job/96321929871,+0.00559,+0.00565,+0.01066,-0.00682,-0.00741,+0.04568,-0.02222,+0.01488,-0.01237,+0.00669,-0.25997,-0.25237,-0.25682,-0.26967,-0.20102,+0.31842,+0.31018,+0.05748,+0.01186,+0.02152,+0.00496,-0.00444,+0.01175,+0.00338,+0.00529,-0.05537,+0.04975,+0.01607,+0.02984,+0.05765,+129.55199,+133.96181,+123.37004,+122.74859,+129.62006
32334724256,1,2026-08-20T05:12:32Z,2fe8a0282103fb83b8c313fcd7996b825d27d608,schedule,success,96321930024,success,sm4-bitsliced,"sm4-bitsliced,crypto-bigint-scalar",AMD EPYC 7763 64-Core Processor,,ubuntu-24.04,20260816.277.1,6.17.0-1022-azure,rustc 1.97.1 (8bab26f4f 2026-07-14),cargo 1.97.1 (c980f4866 2026-06-30),100000,80,14,missing_target:ct_sm4_cbc_decrypt_fanout,0a90db076db847f62475979553b8e0f63b997e6c857f171535f960b20b840cd9,7ccb3e9d97000aae1fdde220e4c78f764499d920253948dcbabee59223431190,1656772696413cc914ddd92418c69ada45a1509696b988c46001a4b42298210d,https://github.com/frankxue831/gm-crypto-rs/actions/runs/32334724256/job/96321930024,+0.02083,+0.00687,-0.02978,+0.01380,+0.00960,+0.07775,+0.10834,-0.06619,-0.02913,-0.09212,-0.18350,-0.25279,-0.10728,-0.18696,-0.19049,+0.00969,-0.01124,+0.27670,-0.01334,-0.01453,+0.00782,-0.00485,-0.00307,-0.00751,-0.00252,,,,,,+128.03216,+140.68729,+102.78489,+153.79137,+131.94913
32334724256,1,2026-08-20T05:12:32Z,2fe8a0282103fb83b8c313fcd7996b825d27d608,schedule,success,96321930093,success,default,crypto-bigint-scalar,AMD EPYC 7763 64-Core Processor,,ubuntu-24.04,20260810.271.1,6.17.0-1022-azure,rustc 1.97.1 (8bab26f4f 2026-07-14),cargo 1.97.1 (c980f4866 2026-06-30),100000,80,14,missing_target:ct_sm4_cbc_decrypt_fanout,0a90db076db847f62475979553b8e0f63b997e6c857f171535f960b20b840cd9,7ccb3e9d97000aae1fdde220e4c78f764499d920253948dcbabee59223431190,61724c17f0ccfe68e33bf84d4f34fb507586844c40dffe695b72e6c9a8cdd8c5,https://github.com/frankxue831/gm-crypto-rs/actions/runs/32334724256/job/96321930093,-0.00667,-0.00451,-0.00589,+0.00723,-0.00729,-0.02375,+0.00811,+0.02817,+0.01976,+0.00684,-0.11896,-0.23546,-0.19608,-0.12198,-0.20858,+0.24758,+0.03913,+0.03785,+0.18875,+0.02270,+0.00402,-0.00432,-0.01823,+0.01338,+0.00689,,,,,,+137.29872,+139.25974,+126.44777,+131.05956,+138.13155
32334724256,1,2026-08-20T05:12:32Z,2fe8a0282103fb83b8c313fcd7996b825d27d608,schedule,success,96321930142,success,"sm4-bitsliced-simd,sm4-aead,sm4-xts,sm2-key-exchange,tlcp","sm4-bitsliced-simd,sm4-aead,sm4-xts,sm2-key-exchange,tlcp,crypto-bigint-scalar",Intel(R) Xeon(R) 6973P-C,,ubuntu-24.04,20260816.277.1,6.17.0-1022-azure,rustc 1.97.1 (8bab26f4f 2026-07-14),cargo 1.97.1 (c980f4866 2026-06-30),100000,120,21,,0a90db076db847f62475979553b8e0f63b997e6c857f171535f960b20b840cd9,7ccb3e9d97000aae1fdde220e4c78f764499d920253948dcbabee59223431190,ff8784e24ddc98ba7006e39663068e1f6ba7c65e407dee25db131676288e35ba,https://github.com/frankxue831/gm-crypto-rs/actions/runs/32334724256/job/96321930142,-0.00782,-0.00560,-0.00609,-0.00813,-0.00470,-0.01452,-0.00804,+0.02759,-0.00405,-0.00800,+0.01446,-0.01790,-0.01944,-0.01865,-0.01744,-0.03877,-0.00956,+0.10685,-0.01098,-0.00443,-0.00555,+0.00572,-0.00423,-0.00329,+0.00649,+0.03668,+0.01331,+0.00864,-0.00785,+0.01321,+51.07416,+52.00347,+53.49558,+54.50562,+55.10642
32449746937,1,2026-08-21T05:13:17Z,2fe8a0282103fb83b8c313fcd7996b825d27d608,schedule,success,96675852648,success,default,crypto-bigint-scalar,INTEL(R) XEON(R) PLATINUM 8573C,,ubuntu-24.04,20260816.277.1,6.17.0-1022-azure,rustc 1.97.1 (8bab26f4f 2026-07-14),cargo 1.97.1 (c980f4866 2026-06-30),100000,80,14,missing_target:ct_sm4_cbc_decrypt_fanout,400ffa3da86c3b232a19abe7dde63901186a54fa4f59bc32ef9b6154d9a2e2bd,1965e6bd8665f7e46b7daf6385e64dbb00389c7d0cb4d9d3bb0459ffce58653e,0004ede0b4cbf4e58ee993686b5bd95c7223a7227cf6b0902326105768834444,https://github.com/frankxue831/gm-crypto-rs/actions/runs/32449746937/job/96675852648,-0.00584,-0.01426,+0.00595,+0.00720,-0.02491,-0.00558,-0.04119,+0.00840,-0.00722,-0.03136,-0.02394,-0.02236,-0.01726,-0.02455,-0.02325,-0.01582,-0.06062,-0.00519,+0.01357,-0.03762,-0.00708,+0.00749,-0.00437,+0.04384,-0.00592,,,,,,+51.77894,+57.92103,+60.27307,+59.91065,+63.07403
32449746937,1,2026-08-21T05:13:17Z,2fe8a0282103fb83b8c313fcd7996b825d27d608,schedule,success,96675852812,success,sm4-bitsliced,"sm4-bitsliced,crypto-bigint-scalar",AMD EPYC 9V74 80-Core Processor,,ubuntu-24.04,20260816.277.1,6.17.0-1022-azure,rustc 1.97.1 (8bab26f4f 2026-07-14),cargo 1.97.1 (c980f4866 2026-06-30),100000,80,14,missing_target:ct_sm4_cbc_decrypt_fanout,400ffa3da86c3b232a19abe7dde63901186a54fa4f59bc32ef9b6154d9a2e2bd,1965e6bd8665f7e46b7daf6385e64dbb00389c7d0cb4d9d3bb0459ffce58653e,64f48b5574e630e9866f455fb82b64dd00a5f9fbad09ca77d06582784e12fd11,https://github.com/frankxue831/gm-crypto-rs/actions/runs/32449746937/job/96675852812,-0.19692,-0.04514,-0.12597,-0.11154,-0.29298,-0.17927,-0.26941,-0.20138,-0.04305,-0.21548,-0.15886,-0.23458,-0.17480,-0.16839,-0.15624,-0.02564,-0.00666,+0.00951,+0.02426,+0.00507,+0.00692,-0.00767,-0.00419,-0.00378,-0.00621,,,,,,+123.10447,+73.41098,+126.31924,+74.25560,+124.16198
32449746937,1,2026-08-21T05:13:17Z,2fe8a0282103fb83b8c313fcd7996b825d27d608,schedule,success,96675852850,success,sm4-bitsliced-simd,"sm4-bitsliced-simd,crypto-bigint-scalar",Intel(R) Xeon(R) 6973P-C,,ubuntu-24.04,20260816.277.1,6.17.0-1022-azure,rustc 1.97.1 (8bab26f4f 2026-07-14),cargo 1.97.1 (c980f4866 2026-06-30),100000,90,16,,400ffa3da86c3b232a19abe7dde63901186a54fa4f59bc32ef9b6154d9a2e2bd,1965e6bd8665f7e46b7daf6385e64dbb00389c7d0cb4d9d3bb0459ffce58653e,3798ffcb4c8ff042dad39f1d5e435f0bc8688d790fba643090aa109cde8dabcc,https://github.com/frankxue831/gm-crypto-rs/actions/runs/32449746937/job/96675852850,-0.01503,-0.01527,-0.01186,+0.00932,-0.02723,+0.02109,+0.00848,+0.02561,+0.00857,+0.02630,-0.02890,-0.02548,-0.03036,-0.02990,-0.02829,+0.10057,-0.00715,+0.08366,-0.00542,+0.09064,+0.00510,+0.00607,+0.00508,-0.00305,-0.00995,+0.01303,-0.00885,+0.01533,+0.01298,+0.00759,+66.49337,+62.35752,+65.87603,+67.74346,+60.73070
32449746937,1,2026-08-21T05:13:17Z,2fe8a0282103fb83b8c313fcd7996b825d27d608,schedule,success,96675852944,success,"sm4-bitsliced-simd,sm4-aead,sm4-xts,sm2-key-exchange,tlcp","sm4-bitsliced-simd,sm4-aead,sm4-xts,sm2-key-exchange,tlcp,crypto-bigint-scalar",AMD EPYC 7763 64-Core Processor,,ubuntu-24.04,20260816.277.1,6.17.0-1022-azure,rustc 1.97.1 (8bab26f4f 2026-07-14),cargo 1.97.1 (c980f4866 2026-06-30),100000,120,21,,400ffa3da86c3b232a19abe7dde63901186a54fa4f59bc32ef9b6154d9a2e2bd,1965e6bd8665f7e46b7daf6385e64dbb00389c7d0cb4d9d3bb0459ffce58653e,d26276a8bac5525c83175a77283db4f36bbef39ff5dbe7c719780857a19fbadf,https://github.com/frankxue831/gm-crypto-rs/actions/runs/32449746937/job/96675852944,-0.00876,+0.00881,-0.00537,+0.00531,-0.07596,+0.04897,-0.01711,-0.01751,+0.04251,+0.04794,-0.27405,-0.22733,-0.29471,-0.28568,-0.28555,-0.11346,-0.05456,+0.00871,-0.01874,+0.01459,+0.00368,-0.00674,-0.00461,-0.00356,-0.00545,-0.07932,+0.06561,+0.04212,+0.01681,+0.03527,+152.67946,+131.22976,+135.26071,+155.94381,+142.45821
32553623740,1,2026-08-22T05:09:57Z,bc3292208e5ccb3d18b99301028d81d4e76eb6dc,schedule,success,96984259121,success,"sm4-bitsliced-simd,sm4-aead,sm4-xts,sm2-key-exchange,tlcp","sm4-bitsliced-simd,sm4-aead,sm4-xts,sm2-key-exchange,tlcp,crypto-bigint-scalar",AMD EPYC 7763 64-Core Processor,,ubuntu-24.04,20260816.277.1,6.17.0-1022-azure,rustc 1.97.1 (8bab26f4f 2026-07-14),cargo 1.97.1 (c980f4866 2026-06-30),100000,120,21,,9def0f2503cb92e89ec6d53a3b3a3915f275b2161da6befd9fed596963b64682,6a2c8aea45762c7f48fe4ef442dcf80dfa0a75d17f2558c6127ed59fc577d2a6,89322a49c2e04c0bd9bf8af03c8d0c67a813e8ba66dc753fe5ad7690fbee97bd,https://github.com/frankxue831/gm-crypto-rs/actions/runs/32553623740/job/96984259121,-0.01346,-0.00804,-0.01819,-0.00865,+0.06758,-0.02398,-0.04021,+0.02132,+0.04260,+0.04225,-0.23521,-0.22752,-0.28534,-0.16123,-0.19002,+0.00915,+0.01463,+0.03441,+0.19846,+0.22530,+0.00612,-0.00255,-0.00297,+0.00477,+0.00496,+0.01142,+0.01026,-0.00660,-0.04131,+0.00605,+151.78685,+145.95449,+166.62416,+162.86237,+159.92915
32553623740,1,2026-08-22T05:09:57Z,bc3292208e5ccb3d18b99301028d81d4e76eb6dc,schedule,success,96984259216,success,sm4-bitsliced,"sm4-bitsliced,crypto-bigint-scalar",AMD EPYC 9V74 80-Core Processor,,ubuntu-24.04,20260816.277.1,6.17.0-1022-azure,rustc 1.97.1 (8bab26f4f 2026-07-14),cargo 1.97.1 (c980f4866 2026-06-30),100000,80,14,missing_target:ct_sm4_cbc_decrypt_fanout,9def0f2503cb92e89ec6d53a3b3a3915f275b2161da6befd9fed596963b64682,6a2c8aea45762c7f48fe4ef442dcf80dfa0a75d17f2558c6127ed59fc577d2a6,5b1ed8181ef0fe4ecfd852d1efb128dd59e2b90cdea0b57029d7ac02b1e67a9c,https://github.com/frankxue831/gm-crypto-rs/actions/runs/32553623740/job/96984259216,-0.06906,-0.09066,+0.06782,-0.12669,-0.00698,-0.30287,-0.34849,-0.11094,-0.06829,+0.07007,-0.21460,-0.19143,-0.22200,-0.21350,-0.16881,+0.00425,+0.00845,+0.00971,+0.02355,+0.01874,+0.00387,-0.00546,+0.00427,-0.00563,+0.00788,,,,,,+66.80083,+73.89213,+77.26327,+72.48396,+75.07979
32553623740,1,2026-08-22T05:09:57Z,bc3292208e5ccb3d18b99301028d81d4e76eb6dc,schedule,success,96984259250,success,default,crypto-bigint-scalar,AMD EPYC 7763 64-Core Processor,,ubuntu-24.04,20260816.277.1,6.17.0-1022-azure,rustc 1.97.1 (8bab26f4f 2026-07-14),cargo 1.97.1 (c980f4866 2026-06-30),100000,80,14,missing_target:ct_sm4_cbc_decrypt_fanout,9def0f2503cb92e89ec6d53a3b3a3915f275b2161da6befd9fed596963b64682,6a2c8aea45762c7f48fe4ef442dcf80dfa0a75d17f2558c6127ed59fc577d2a6,2886a8bd73e4aec26bb0aa5e75bdaf4fbdf90a273681e0b4bbe6d038960940de,https://github.com/frankxue831/gm-crypto-rs/actions/runs/32553623740/job/96984259250,-0.00679,+0.01249,-0.12283,+0.00755,+0.00762,+0.01308,+0.00699,+0.01456,-0.02005,-0.01786,-0.27645,-0.20610,-0.21546,-0.11000,-0.12086,+0.03017,+0.01918,+0.04907,+0.26107,+0.23582,-0.00550,+0.00348,-0.00562,+0.00568,+0.00696,,,,,,+140.54759,+129.88840,+143.70539,+127.52224,+131.61007
32553623740,1,2026-08-22T05:09:57Z,bc3292208e5ccb3d18b99301028d81d4e76eb6dc,schedule,success,96984259263,success,sm4-bitsliced-simd,"sm4-bitsliced-simd,crypto-bigint-scalar",AMD EPYC 7763 64-Core Processor,,ubuntu-24.04,20260816.277.1,6.17.0-1022-azure,rustc 1.97.1 (8bab26f4f 2026-07-14),cargo 1.97.1 (c980f4866 2026-06-30),100000,90,16,,9def0f2503cb92e89ec6d53a3b3a3915f275b2161da6befd9fed596963b64682,6a2c8aea45762c7f48fe4ef442dcf80dfa0a75d17f2558c6127ed59fc577d2a6,c86e67fd764e97f7870e6e389f5a5dc2f3eda028f14232c12205231ff719dfb6,https://github.com/frankxue831/gm-crypto-rs/actions/runs/32553623740/job/96984259263,-0.00591,-0.00574,+0.01097,+0.00584,-0.00529,-0.01888,-0.01142,-0.02070,+0.00739,-0.00924,-0.21245,-0.28002,-0.21121,-0.20299,-0.25973,-0.01459,-0.12696,-0.00610,+0.01312,+0.01243,-0.00232,+0.00539,-0.00280,+0.00271,-0.00982,-0.00726,-0.00686,+0.01245,+0.00772,-0.01611,+153.00399,+147.17878,+159.76595,+161.06497,+127.92330
32557364267,1,2026-08-22T06:35:23Z,8cb4aac194969c8f14e6537dcbc66ff9b5130722,workflow_dispatch,failure,96993573024,success,sm4-bitsliced,"sm4-bitsliced,crypto-bigint-scalar",AMD EPYC 7763 64-Core Processor,,ubuntu-24.04,20260816.277.1,6.17.0-1022-azure,rustc 1.97.1 (8bab26f4f 2026-07-14),cargo 1.97.1 (c980f4866 2026-06-30),100000,80,14,missing_target:ct_sm4_cbc_decrypt_fanout,46783ff56532b75191ea5a422c671b5ce5ade4b8e97842e74287e4cd598515d6,5f95fb8aa66f0f40b85ee50fbc0caf5076fff1dc58d9a6ddf645650833df8b45,ea3ea88f8ed0d88c4752f79d72a3e982c9c893eb4dfe561e29e9253105591a1d,https://github.com/frankxue831/gm-crypto-rs/actions/runs/32557364267/job/96993573024,-0.01485,-0.06326,+0.00441,-0.00841,-0.00600,-0.04889,+0.08184,+0.05704,-0.02415,-0.03291,-0.12436,-0.23996,-0.19687,-0.11866,-0.11993,-0.01157,-0.01651,+0.00758,+0.00801,+0.01911,+0.00535,-0.00732,+0.00600,-0.00489,+0.00544,,,,,,+130.75729,+139.35417,+136.37899,+140.26796,+140.07102
32557364267,1,2026-08-22T06:35:23Z,8cb4aac194969c8f14e6537dcbc66ff9b5130722,workflow_dispatch,failure,96993573077,failure,"sm4-bitsliced-simd,sm4-aead,sm4-xts,sm2-key-exchange,tlcp","sm4-bitsliced-simd,sm4-aead,sm4-xts,sm2-key-exchange,tlcp,crypto-bigint-scalar",INTEL(R) XEON(R) PLATINUM 8573C,,ubuntu-24.04,20260816.277.1,6.17.0-1022-azure,rustc 1.97.1 (8bab26f4f 2026-07-14),cargo 1.97.1 (c980f4866 2026-06-30),100000,120,21,,46783ff56532b75191ea5a422c671b5ce5ade4b8e97842e74287e4cd598515d6,5f95fb8aa66f0f40b85ee50fbc0caf5076fff1dc58d9a6ddf645650833df8b45,f390f76360a56ed99ffb8744625d26a8ce38b474588891123ea170d526e508f4,https://github.com/frankxue831/gm-crypto-rs/actions/runs/32557364267/job/96993573077,-0.01370,-0.01846,+0.00741,-0.01559,-0.01248,-0.00581,+0.00967,-0.03924,+0.03609,+0.03839,-0.00525,-0.01111,-0.00669,-0.00988,-0.00967,+0.01650,-0.01065,-0.06097,+0.07020,+0.07194,-0.02543,-0.00541,-0.00679,+0.00401,+0.00770,+0.02719,-0.03553,+0.05193,+0.05585,+0.03645,+57.60062,+62.86428,+60.42277,+60.20540,+55.64821
32557364267,1,2026-08-22T06:35:23Z,8cb4aac194969c8f14e6537dcbc66ff9b5130722,workflow_dispatch,failure,96993573092,success,default,crypto-bigint-scalar,AMD EPYC 9V74 80-Core Processor,,ubuntu-24.04,20260816.277.1,6.17.0-1022-azure,rustc 1.97.1 (8bab26f4f 2026-07-14),cargo 1.97.1 (c980f4866 2026-06-30),100000,80,14,missing_target:ct_sm4_cbc_decrypt_fanout,46783ff56532b75191ea5a422c671b5ce5ade4b8e97842e74287e4cd598515d6,5f95fb8aa66f0f40b85ee50fbc0caf5076fff1dc58d9a6ddf645650833df8b45,4d9062cc95f50ab45864fa3a06c775d032c1d26ab95f165e586fc70dd1d5ca72,https://github.com/frankxue831/gm-crypto-rs/actions/runs/32557364267/job/96993573092,-0.17662,-0.06408,+0.00367,-0.10749,-0.09530,-0.29898,+0.06180,+0.12889,-0.25558,-0.08944,-0.17257,-0.19621,-0.17397,-0.22754,-0.22658,+0.01246,-0.00680,+0.01840,+0.01047,+0.00709,-0.03859,+0.08648,-0.00633,+0.00526,-0.00650,,,,,,+121.65042,+63.22979,+408.13784,+70.80628,+66.87972
32557364267,1,2026-08-22T06:35:23Z,8cb4aac194969c8f14e6537dcbc66ff9b5130722,workflow_dispatch,failure,96993573122,success,sm4-bitsliced-simd,"sm4-bitsliced-simd,crypto-bigint-scalar",AMD EPYC 7763 64-Core Processor,,ubuntu-24.04,20260816.277.1,6.17.0-1022-azure,rustc 1.97.1 (8bab26f4f 2026-07-14),cargo 1.97.1 (c980f4866 2026-06-30),100000,90,16,,46783ff56532b75191ea5a422c671b5ce5ade4b8e97842e74287e4cd598515d6,5f95fb8aa66f0f40b85ee50fbc0caf5076fff1dc58d9a6ddf645650833df8b45,79fcbc6c4db774c69a967be44c054b5684e00d8991311664045357cd80b2f6ab,https://github.com/frankxue831/gm-crypto-rs/actions/runs/32557364267/job/96993573122,+0.00808,-0.00940,-0.00294,-0.00713,-0.00753,-0.02926,-0.01180,-0.03780,+0.03415,-0.00595,-0.21566,-0.15925,-0.23926,-0.18117,-0.16825,+0.01823,+0.00745,+0.01541,+0.18233,+0.00925,-0.00484,-0.00495,+0.00521,+0.00720,-0.00303,-0.01429,+0.00653,-0.00987,-0.00604,-0.01840,+117.28558,+119.01752,+153.90415,+157.34396,+163.60641
32560375106,1,2026-08-22T07:43:48Z,42ac0860dded07b0da00830d605334dea0673ff2,workflow_dispatch,success,97000922195,success,"sm4-bitsliced-simd,sm4-aead,sm4-xts,sm2-key-exchange,tlcp","sm4-bitsliced-simd,sm4-aead,sm4-xts,sm2-key-exchange,tlcp,crypto-bigint-scalar",AMD EPYC 7763 64-Core Processor,,ubuntu-24.04,20260816.277.1,6.17.0-1022-azure,rustc 1.97.1 (8bab26f4f 2026-07-14),cargo 1.97.1 (c980f4866 2026-06-30),100000,120,21,,c7cae49c55e2fbf2c66b93a42532fd750abecdd7e0adb35b4d5f9d247826dea0,bd6ee53848fb36ccd7c19f128c9d6bb6179c9984905dadc575bd459593ce4200,7746648475514f1033954f9302ea817aa5df9a3661a7e09f95ca3f25dabc2890,https://github.com/frankxue831/gm-crypto-rs/actions/runs/32560375106/job/97000922195,-0.00680,-0.00714,+0.00639,+0.00733,-0.00785,-0.02634,-0.03987,-0.02895,-0.02970,+0.01238,-0.26829,-0.26831,-0.23305,-0.21820,-0.19487,-0.07039,-0.01024,-0.05516,-0.07013,+0.34852,-0.00343,-0.00695,+0.00522,+0.01708,+0.00443,+0.02080,-0.00946,+0.01744,-0.00847,-0.00987,+159.91548,+149.10952,+170.07126,+163.32398,+121.46327
32560375106,1,2026-08-22T07:43:48Z,42ac0860dded07b0da00830d605334dea0673ff2,workflow_dispatch,success,97000922273,success,sm4-bitsliced,"sm4-bitsliced,crypto-bigint-scalar",AMD EPYC 9V74 80-Core Processor,,ubuntu-24.04,20260816.277.1,6.17.0-1022-azure,rustc 1.97.1 (8bab26f4f 2026-07-14),cargo 1.97.1 (c980f4866 2026-06-30),100000,80,14,missing_target:ct_sm4_cbc_decrypt_fanout,c7cae49c55e2fbf2c66b93a42532fd750abecdd7e0adb35b4d5f9d247826dea0,bd6ee53848fb36ccd7c19f128c9d6bb6179c9984905dadc575bd459593ce4200,7cd01ff3f94f1e8feb6fad31564278c2750d23ee91fc4138e5d9cf116853d93d,https://github.com/frankxue831/gm-crypto-rs/actions/runs/32560375106/job/97000922273,-0.02973,-0.11042,-0.04772,-0.04591,-0.10033,+0.07147,-0.25551,-0.05945,-0.04912,-0.00549,-0.20170,-0.19879,-0.14357,-0.16614,-0.18019,-0.02693,+0.00779,+0.03020,+0.01547,+0.00871,-0.00688,+0.00301,-0.00431,+0.00282,-0.01020,,,,,,+73.35930,+66.59892,+75.25926,+77.41414,+75.17972
32560375106,1,2026-08-22T07:43:48Z,42ac0860dded07b0da00830d605334dea0673ff2,workflow_dispatch,success,97000922319,success,sm4-bitsliced-simd,"sm4-bitsliced-simd,crypto-bigint-scalar",AMD EPYC 9V74 80-Core Processor,,ubuntu-24.04,20260816.277.1,6.17.0-1022-azure,rustc 1.97.1 (8bab26f4f 2026-07-14),cargo 1.97.1 (c980f4866 2026-06-30),100000,90,16,,c7cae49c55e2fbf2c66b93a42532fd750abecdd7e0adb35b4d5f9d247826dea0,bd6ee53848fb36ccd7c19f128c9d6bb6179c9984905dadc575bd459593ce4200,3ca775baf2ea925ab587f842490f1a3f9ed4751cbb8d7f4f634c73b86126ba7d,https://github.com/frankxue831/gm-crypto-rs/actions/runs/32560375106/job/97000922319,-0.17633,-0.45402,-0.25017,-0.04817,-0.31627,-0.54368,-0.10212,-0.05867,-0.67915,-0.23244,-0.15068,-0.17080,-0.15492,-0.24939,-0.20238,-0.00552,+0.01887,-0.00676,-0.01759,+0.00630,-0.00770,+0.00646,+0.00277,+0.00272,-0.00374,+0.18923,+0.34134,+0.07312,+0.21411,+0.12055,+87.11043,+78.53938,+88.73135,+87.67118,+74.06340
32560375106,1,2026-08-22T07:43:48Z,42ac0860dded07b0da00830d605334dea0673ff2,workflow_dispatch,success,97000922320,success,default,crypto-bigint-scalar,AMD EPYC 7763 64-Core Processor,,ubuntu-24.04,20260816.277.1,6.17.0-1022-azure,rustc 1.97.1 (8bab26f4f 2026-07-14),cargo 1.97.1 (c980f4866 2026-06-30),100000,80,14,missing_target:ct_sm4_cbc_decrypt_fanout,c7cae49c55e2fbf2c66b93a42532fd750abecdd7e0adb35b4d5f9d247826dea0,bd6ee53848fb36ccd7c19f128c9d6bb6179c9984905dadc575bd459593ce4200,3e3f3d34b9e1483c6f2288a2a2f66e2919a362bce81763691ba33f19652fbdff,https://github.com/frankxue831/gm-crypto-rs/actions/runs/32560375106/job/97000922320,-0.00395,+0.00613,-0.00716,+0.00605,+0.01021,-0.01729,+0.01382,+0.01280,-0.01727,+0.01312,-0.14843,-0.17823,-0.18887,-0.12915,-0.20276,+0.24249,+0.05123,+0.04693,+0.23781,+0.03467,+0.00310,-0.00274,-0.02320,-0.00515,+0.00713,,,,,,+143.21100,+138.24851,+128.00394,+131.15019,+124.96059
32562229171,1,2026-08-22T08:25:10Z,42ac0860dded07b0da00830d605334dea0673ff2,workflow_dispatch,success,97005489523,success,"sm4-bitsliced-simd,sm4-aead,sm4-xts,sm2-key-exchange,tlcp","sm4-bitsliced-simd,sm4-aead,sm4-xts,sm2-key-exchange,tlcp,crypto-bigint-scalar",AMD EPYC 9V74 80-Core Processor,,ubuntu-24.04,20260816.277.1,6.17.0-1022-azure,rustc 1.97.1 (8bab26f4f 2026-07-14),cargo 1.97.1 (c980f4866 2026-06-30),100000,120,21,,52810d59b7700aef129b7db6b6f40eb440ea9386dda7bd5c6b046b30c83ba68a,2e7c6bfdbac73a0241a9ac8703c105f1c178f8853735e5f64d42f25e3fbe7703,a881e69e54e43686cb3c59a948eee4b117c9b25d84875165773c07b16553757f,https://github.com/frankxue831/gm-crypto-rs/actions/runs/32562229171/job/97005489523,-0.05775,-0.21906,-0.01002,-0.08056,+0.01108,-0.19225,-0.19629,-0.02705,-0.11234,+0.02778,-0.18447,-0.16175,-0.17951,-0.24594,-0.15232,+0.02904,+0.00491,+0.02767,-0.00564,+0.02754,-0.00311,-0.00445,-0.00617,+0.00964,-0.00408,+0.26013,+0.13187,+0.10067,+0.13061,+0.16662,+74.39570,+107.22044,+66.41854,+69.39073,+75.74074
32562229171,1,2026-08-22T08:25:10Z,42ac0860dded07b0da00830d605334dea0673ff2,workflow_dispatch,success,97005489593,success,sm4-bitsliced-simd,"sm4-bitsliced-simd,crypto-bigint-scalar",AMD EPYC 9V74 80-Core Processor,,ubuntu-24.04,20260816.277.1,6.17.0-1022-azure,rustc 1.97.1 (8bab26f4f 2026-07-14),cargo 1.97.1 (c980f4866 2026-06-30),100000,90,16,,52810d59b7700aef129b7db6b6f40eb440ea9386dda7bd5c6b046b30c83ba68a,2e7c6bfdbac73a0241a9ac8703c105f1c178f8853735e5f64d42f25e3fbe7703,3f4d4c43b4ed162d3f5cff4ff2859530a03dc7bee249d8cbef858df05bd94909,https://github.com/frankxue831/gm-crypto-rs/actions/runs/32562229171/job/97005489593,+0.17913,-0.38275,-0.24492,-0.14727,-0.19769,-0.32125,-0.25583,-0.15761,-0.24777,-0.24996,-0.19213,-0.16909,-0.28378,-0.17980,-0.16970,+0.00652,+0.01738,+0.02573,+0.01266,+0.01935,+0.00411,-0.00285,-0.00274,-0.00474,-0.03100,+0.17867,+0.08807,+0.16799,+0.05494,+0.18907,+72.22826,+82.40010,+83.35782,+81.77969,+81.79352
32562229171,1,2026-08-22T08:25:10Z,42ac0860dded07b0da00830d605334dea0673ff2,workflow_dispatch,success,97005489598,success,sm4-bitsliced,"sm4-bitsliced,crypto-bigint-scalar",AMD EPYC 9V74 80-Core Processor,,ubuntu-24.04,20260816.277.1,6.17.0-1022-azure,rustc 1.97.1 (8bab26f4f 2026-07-14),cargo 1.97.1 (c980f4866 2026-06-30),100000,80,14,missing_target:ct_sm4_cbc_decrypt_fanout,52810d59b7700aef129b7db6b6f40eb440ea9386dda7bd5c6b046b30c83ba68a,2e7c6bfdbac73a0241a9ac8703c105f1c178f8853735e5f64d42f25e3fbe7703,5da1fd9f8d11e995da3fc9109314362fbddf613cec5869c69507e21974e76aae,https://github.com/frankxue831/gm-crypto-rs/actions/runs/32562229171/job/97005489598,-0.02103,-0.03890,-0.02568,-0.11022,-0.07191,-0.02279,-0.03158,-0.07175,-0.11453,-0.01448,-0.16659,-0.15820,-0.15222,-0.19354,-0.16955,+0.00735,+0.02297,+0.02418,+0.01013,+0.00735,+0.00573,+0.00144,-0.00389,-0.00954,-0.00858,,,,,,+73.09614,+66.56043,+78.28379,+64.49717,+72.52982
32562229171,1,2026-08-22T08:25:10Z,42ac0860dded07b0da00830d605334dea0673ff2,workflow_dispatch,success,97005489688,success,default,crypto-bigint-scalar,AMD EPYC 7763 64-Core Processor,,ubuntu-24.04,20260816.277.1,6.17.0-1022-azure,rustc 1.97.1 (8bab26f4f 2026-07-14),cargo 1.97.1 (c980f4866 2026-06-30),100000,80,14,missing_target:ct_sm4_cbc_decrypt_fanout,52810d59b7700aef129b7db6b6f40eb440ea9386dda7bd5c6b046b30c83ba68a,2e7c6bfdbac73a0241a9ac8703c105f1c178f8853735e5f64d42f25e3fbe7703,07b3f5f3d069d45c1ad7f3fd753c3207e9d88bd83ec598257059df9fc0ad9af0,https://github.com/frankxue831/gm-crypto-rs/actions/runs/32562229171/job/97005489688,+0.00653,-0.00589,+0.00817,-0.00594,+0.01203,-0.01144,-0.00601,+0.00986,-0.01911,-0.01091,-0.16514,-0.22271,-0.20199,+0.14492,-0.06283,-0.01701,+0.02946,+0.02495,+0.02391,+0.02166,+0.00245,+0.00479,+0.01200,+0.00378,+0.00829,,,,,,+140.00794,+140.55985,+139.20582,+82.07003,+95.05773
32567150334,1,2026-08-22T10:15:44Z,42ac0860dded07b0da00830d605334dea0673ff2,workflow_dispatch,success,97017330895,success,default,crypto-bigint-scalar,Intel(R) Xeon(R) 6973P-C,,ubuntu-24.04,20260816.277.1,6.17.0-1022-azure,rustc 1.97.1 (8bab26f4f 2026-07-14),cargo 1.97.1 (c980f4866 2026-06-30),100000,80,14,missing_target:ct_sm4_cbc_decrypt_fanout,8b73f470f7f8af70ab24838d40c2d949dd998db2465b64df39d2305708d64659,8fec7e39ea0c74c4aa1b7eda746e4e2ad384cdc973e9c18da7915399333acc29,39625fd4cc7ddf342e200fed83419d5675787fad9215ec25f68ee3236d3b40d2,https://github.com/frankxue831/gm-crypto-rs/actions/runs/32567150334/job/97017330895,+0.00603,-0.00517,-0.00724,-0.02575,+0.01239,+0.00828,-0.00727,-0.01289,+0.01578,+0.01543,-0.03193,-0.02966,-0.03198,-0.02393,-0.02620,+0.00532,-0.00555,-0.08008,+0.07330,-0.06032,+0.00512,-0.00315,-0.00648,+0.00602,+0.00651,,,,,,+66.15223,+57.64790,+63.11347,+52.82567,+60.71900
32567150334,1,2026-08-22T10:15:44Z,42ac0860dded07b0da00830d605334dea0673ff2,workflow_dispatch,success,97017330910,success,sm4-bitsliced,"sm4-bitsliced,crypto-bigint-scalar",AMD EPYC 7763 64-Core Processor,,ubuntu-24.04,20260816.277.1,6.17.0-1022-azure,rustc 1.97.1 (8bab26f4f 2026-07-14),cargo 1.97.1 (c980f4866 2026-06-30),100000,80,14,missing_target:ct_sm4_cbc_decrypt_fanout,8b73f470f7f8af70ab24838d40c2d949dd998db2465b64df39d2305708d64659,8fec7e39ea0c74c4aa1b7eda746e4e2ad384cdc973e9c18da7915399333acc29,6fec276e23c3013e7e327cd774fbc5c31e39933515b0ba8a3f907d2872a1936f,https://github.com/frankxue831/gm-crypto-rs/actions/runs/32567150334/job/97017330910,+0.00834,+0.00550,+0.00562,-0.00536,-0.00796,-0.04637,+0.15561,-0.02667,+0.12765,-0.03320,-0.20082,-0.31271,-0.10369,-0.28233,-0.11052,-0.01032,-0.02090,+0.01758,-0.00971,+0.00951,+0.00303,+0.02557,+0.00838,+0.00704,+0.01167,,,,,,+119.70009,+99.98229,+105.95157,+124.02367,+127.77240
32567150334,1,2026-08-22T10:15:44Z,42ac0860dded07b0da00830d605334dea0673ff2,workflow_dispatch,success,97017330916,success,"sm4-bitsliced-simd,sm4-aead,sm4-xts,sm2-key-exchange,tlcp","sm4-bitsliced-simd,sm4-aead,sm4-xts,sm2-key-exchange,tlcp,crypto-bigint-scalar",AMD EPYC 7763 64-Core Processor,,ubuntu-24.04,20260816.277.1,6.17.0-1022-azure,rustc 1.97.1 (8bab26f4f 2026-07-14),cargo 1.97.1 (c980f4866 2026-06-30),100000,120,21,,8b73f470f7f8af70ab24838d40c2d949dd998db2465b64df39d2305708d64659,8fec7e39ea0c74c4aa1b7eda746e4e2ad384cdc973e9c18da7915399333acc29,6ca9ee78139ed4ae75ffebb68ffd9c4a5534b8e9c155d1a4c8d6c4b2cef7aa65,https://github.com/frankxue831/gm-crypto-rs/actions/runs/32567150334/job/97017330916,-0.00438,+0.00850,-0.01308,+0.00901,+0.00634,+0.02258,-0.02487,+0.02303,-0.03000,-0.03607,-0.16998,-0.26454,-0.17121,-0.29705,-0.27271,+0.36941,-0.06796,+0.36451,+0.01792,-0.02374,+0.00595,-0.00756,+0.00399,-0.00501,-0.03680,+0.02932,-0.00786,-0.01397,+0.03076,+0.00622,+174.84711,+156.36072,+160.36863,+190.40891,+179.66184
32567150334,1,2026-08-22T10:15:44Z,42ac0860dded07b0da00830d605334dea0673ff2,workflow_dispatch,success,97017330956,success,sm4-bitsliced-simd,"sm4-bitsliced-simd,crypto-bigint-scalar",AMD EPYC 7763 64-Core Processor,,ubuntu-24.04,20260816.277.1,6.17.0-1022-azure,rustc 1.97.1 (8bab26f4f 2026-07-14),cargo 1.97.1 (c980f4866 2026-06-30),100000,90,16,,8b73f470f7f8af70ab24838d40c2d949dd998db2465b64df39d2305708d64659,8fec7e39ea0c74c4aa1b7eda746e4e2ad384cdc973e9c18da7915399333acc29,e0749d85f8de5e4da421419330202a85f5a2f500f1d1b53599a953284bb487f1,https://github.com/frankxue831/gm-crypto-rs/actions/runs/32567150334/job/97017330956,-0.00583,+0.01027,-0.00655,+0.00691,-0.01480,+0.01073,-0.04697,+0.01057,+0.01704,+0.00880,-0.20858,-0.30403,-0.24018,-0.17071,-0.26558,+0.01508,+0.01799,+0.01474,+0.22529,+0.01996,+0.00505,-0.00328,-0.00862,-0.00589,-0.00211,+0.00974,-0.00635,+0.03172,+0.00902,+0.00641,+155.00948,+145.28648,+157.76418,+151.43180,+153.85601
32578879788,1,2026-08-22T14:30:05Z,26a49c377647f52616e4ea79108f7148f16c73a0,workflow_dispatch,success,97045169541,success,default,crypto-bigint-scalar,AMD EPYC 9V74 80-Core Processor,,ubuntu-24.04,20260816.277.1,6.17.0-1022-azure,rustc 1.97.1 (8bab26f4f 2026-07-14),cargo 1.97.1 (c980f4866 2026-06-30),100000,80,14,missing_target:ct_sm4_cbc_decrypt_fanout,338fc82c0ecfcd4fa56ab327a161c6467ad430823b21fa0f1bc7682bd4f7d639,95a543e39ffc2f96b92c265a7788d198d980d6ecd598177e01ebcfb353f3bcb5,6821730364db59aaeb630ad2bb82669c98024100dbd5709e4524b62c11506dbe,https://github.com/frankxue831/gm-crypto-rs/actions/runs/32578879788/job/97045169541,-0.05032,-0.00854,-0.08482,-0.02029,-0.12827,-0.19109,+0.08862,-0.32084,-0.05448,-0.05487,-0.20519,-0.18830,-0.20223,-0.20071,-0.20491,+0.00848,+0.01579,+0.00651,-0.02115,+0.00501,+0.00598,-0.00407,+0.00726,-0.00241,+0.00282,,,,,,+71.59804,+89.35624,+72.11859,+72.68779,+58.89158
32578879788,1,2026-08-22T14:30:05Z,26a49c377647f52616e4ea79108f7148f16c73a0,workflow_dispatch,success,97045169652,success,sm4-bitsliced-simd,"sm4-bitsliced-simd,crypto-bigint-scalar",AMD EPYC 7763 64-Core Processor,,ubuntu-24.04,20260816.277.1,6.17.0-1022-azure,rustc 1.97.1 (8bab26f4f 2026-07-14),cargo 1.97.1 (c980f4866 2026-06-30),100000,90,16,,338fc82c0ecfcd4fa56ab327a161c6467ad430823b21fa0f1bc7682bd4f7d639,95a543e39ffc2f96b92c265a7788d198d980d6ecd598177e01ebcfb353f3bcb5,67e6607c14e60cccb28e5c8fd95fec187f82a8d21a5c11ce6066a6e2b993863a,https://github.com/frankxue831/gm-crypto-rs/actions/runs/32578879788/job/97045169652,+0.00731,-0.00528,+0.00896,+0.00535,-0.00888,-0.03151,-0.00565,+0.00714,-0.00987,-0.01259,-0.26001,-0.17761,-0.23898,-0.17691,-0.23668,-0.03523,+0.16734,-0.00610,+0.21672,+0.00999,-0.00313,+0.00471,+0.01256,-0.00283,+0.00748,-0.01908,+0.00705,+0.00562,-0.02827,+0.00768,+144.08305,+123.74690,+158.36541,+147.60959,+166.34477
32578879788,1,2026-08-22T14:30:05Z,26a49c377647f52616e4ea79108f7148f16c73a0,workflow_dispatch,success,97045169653,success,sm4-bitsliced,"sm4-bitsliced,crypto-bigint-scalar",AMD EPYC 9V74 80-Core Processor,,ubuntu-24.04,20260816.277.1,6.17.0-1022-azure,rustc 1.97.1 (8bab26f4f 2026-07-14),cargo 1.97.1 (c980f4866 2026-06-30),100000,80,14,missing_target:ct_sm4_cbc_decrypt_fanout,338fc82c0ecfcd4fa56ab327a161c6467ad430823b21fa0f1bc7682bd4f7d639,95a543e39ffc2f96b92c265a7788d198d980d6ecd598177e01ebcfb353f3bcb5,354f0ffde5abc34e3b80d8970647db5565efd7714d2e86d95874bccecae1008d,https://github.com/frankxue831/gm-crypto-rs/actions/runs/32578879788/job/97045169653,+0.02132,-0.12278,-0.03567,+0.00536,-0.01012,-0.23323,-0.30176,+0.05492,+0.03570,-0.21027,-0.22297,-0.21043,-0.17797,-0.16741,-0.08319,-0.00689,+0.00610,+0.01929,-0.01214,+0.01229,-0.00458,-0.00423,+0.00641,-0.04382,-0.00313,,,,,,+76.14050,+72.57661,+74.00596,+68.10480,+97.27170
32578879788,1,2026-08-22T14:30:05Z,26a49c377647f52616e4ea79108f7148f16c73a0,workflow_dispatch,success,97045169692,success,"sm4-bitsliced-simd,sm4-aead,sm4-xts,sm2-key-exchange,tlcp","sm4-bitsliced-simd,sm4-aead,sm4-xts,sm2-key-exchange,tlcp,crypto-bigint-scalar",AMD EPYC 9V74 80-Core Processor,,ubuntu-24.04,20260816.277.1,6.17.0-1022-azure,rustc 1.97.1 (8bab26f4f 2026-07-14),cargo 1.97.1 (c980f4866 2026-06-30),100000,120,21,,338fc82c0ecfcd4fa56ab327a161c6467ad430823b21fa0f1bc7682bd4f7d639,95a543e39ffc2f96b92c265a7788d198d980d6ecd598177e01ebcfb353f3bcb5,816ecedc125bf2b8229e7767ba1238e036f00564f8cd38f3f740f839d5404d95,https://github.com/frankxue831/gm-crypto-rs/actions/runs/32578879788/job/97045169692,+0.00342,+0.00856,-0.23443,-0.00783,+0.04747,-0.14219,-0.00666,+0.04869,-0.14508,+0.04301,-0.15360,-0.17168,-0.17860,-0.19167,-0.18156,+0.01840,-0.00799,+0.01474,+0.01601,-0.01332,+0.00297,-0.00385,-0.00617,+0.00247,-0.01148,+0.14217,+0.11879,+0.09764,+0.24645,+0.36719,+68.12770,+72.23713,+98.65885,+70.17295,+100.61184
32579040309,1,2026-08-22T14:33:24Z,9ad5b89e6aa14307f9f73284d618b881b1a41aba,workflow_dispatch,failure,97045551376,failure,sm4-bitsliced-simd,"sm4-bitsliced-simd,crypto-bigint-scalar",AMD EPYC 9V74 80-Core Processor,,ubuntu-24.04,20260816.277.1,6.17.0-1022-azure,rustc 1.97.1 (8bab26f4f 2026-07-14),cargo 1.97.1 (c980f4866 2026-06-30),100000,90,16,,f3c46a53d054d2939d25163096d4ba6d8acc9100f40814e192bfff81d78bba87,ba461c51923b2d9f9e92d576bb78e64e99607eb709fb9ccb20f47835afb50ad7,62baef0c566b55451b1b234f7e60c19836941b0ce17e6017fed7f44cf2fc0a86,https://github.com/frankxue831/gm-crypto-rs/actions/runs/32579040309/job/97045551376,-0.17960,-0.38208,-0.16265,-0.20760,-0.44071,-0.02159,-0.18863,-0.25210,+0.02117,-0.50282,-0.18829,-0.17066,-0.21749,-0.19290,-0.17669,+0.01170,+0.00763,+0.01006,-0.00841,-0.03012,+0.00724,-0.00445,+0.00504,-0.00468,-0.00334,+0.28162,+0.28482,+0.23698,+0.17683,+0.10149,+77.25680,+77.56507,+78.39664,+82.85501,+105.91247
32579040309,1,2026-08-22T14:33:24Z,9ad5b89e6aa14307f9f73284d618b881b1a41aba,workflow_dispatch,failure,97045551461,success,sm4-bitsliced,"sm4-bitsliced,crypto-bigint-scalar",AMD EPYC 9V74 80-Core Processor,,ubuntu-24.04,20260816.277.1,6.17.0-1022-azure,rustc 1.97.1 (8bab26f4f 2026-07-14),cargo 1.97.1 (c980f4866 2026-06-30),100000,80,14,missing_target:ct_sm4_cbc_decrypt_fanout,f3c46a53d054d2939d25163096d4ba6d8acc9100f40814e192bfff81d78bba87,ba461c51923b2d9f9e92d576bb78e64e99607eb709fb9ccb20f47835afb50ad7,4e0733e7afb5fa6f33b3683e3a5acff08ca429faac2a6fc905249a63ee8b481a,https://github.com/frankxue831/gm-crypto-rs/actions/runs/32579040309/job/97045551461,-0.09388,-0.30198,-0.04859,-0.07096,-0.04077,-0.01284,-0.13495,-0.04386,-0.16686,-0.17447,-0.17362,-0.07707,-0.17825,-0.16641,-0.20586,-0.00541,+0.01305,+0.01518,+0.01237,+0.00696,-0.01311,-0.00358,-0.00635,+0.00398,+0.00467,,,,,,+71.92183,+100.75592,+71.73688,+74.47481,+61.92250
32579040309,1,2026-08-22T14:33:24Z,9ad5b89e6aa14307f9f73284d618b881b1a41aba,workflow_dispatch,failure,97045551477,success,"sm4-bitsliced-simd,sm4-aead,sm4-xts,sm2-key-exchange,tlcp","sm4-bitsliced-simd,sm4-aead,sm4-xts,sm2-key-exchange,tlcp,crypto-bigint-scalar",AMD EPYC 9V74 80-Core Processor,,ubuntu-24.04,20260816.277.1,6.17.0-1022-azure,rustc 1.97.1 (8bab26f4f 2026-07-14),cargo 1.97.1 (c980f4866 2026-06-30),100000,120,21,,f3c46a53d054d2939d25163096d4ba6d8acc9100f40814e192bfff81d78bba87,ba461c51923b2d9f9e92d576bb78e64e99607eb709fb9ccb20f47835afb50ad7,10cb18e6e2882456d1b5e774fcc183119c101220ee3e392fee0fdb5f52f14044,https://github.com/frankxue831/gm-crypto-rs/actions/runs/32579040309/job/97045551477,-0.19388,-0.05059,-0.14614,-0.02309,-0.05987,-0.10759,+0.08080,-0.32931,+0.03034,-0.05885,-0.16201,-0.17097,-0.22917,-0.18541,-0.23095,+0.00720,+0.01536,+0.01098,+0.00397,-0.00452,-0.00347,+0.00329,-0.00408,-0.00328,-0.00155,+0.14707,+0.11318,+0.13207,+0.10188,+0.28104,+77.08934,+77.38131,+76.28202,+74.79687,+72.91586
32579040309,1,2026-08-22T14:33:24Z,9ad5b89e6aa14307f9f73284d618b881b1a41aba,workflow_dispatch,failure,97045551590,success,default,crypto-bigint-scalar,AMD EPYC 9V74 80-Core Processor,,ubuntu-24.04,20260816.277.1,6.17.0-1022-azure,rustc 1.97.1 (8bab26f4f 2026-07-14),cargo 1.97.1 (c980f4866 2026-06-30),100000,80,14,missing_target:ct_sm4_cbc_decrypt_fanout,f3c46a53d054d2939d25163096d4ba6d8acc9100f40814e192bfff81d78bba87,ba461c51923b2d9f9e92d576bb78e64e99607eb709fb9ccb20f47835afb50ad7,5426f7a45d1de2fcfdb49450a363ab9378ba5924f9c456b927fe722b81c7acbd,https://github.com/frankxue831/gm-crypto-rs/actions/runs/32579040309/job/97045551590,-0.03350,-0.04972,-0.07528,-0.00454,-0.03581,+0.03491,+0.05779,-0.27789,-0.26648,+0.05936,-0.16800,-0.17993,-0.17576,-0.20903,-0.19619,+0.00750,+0.01005,-0.00686,+0.00963,+0.01422,-0.07730,-0.05939,+0.00453,-0.00586,-0.00478,,,,,,+61.46080,+73.91670,+68.40171,+72.77049,+75.24847
32583881385,1,2026-08-22T16:09:57Z,613f619b022c9f7e49824488b72f445b1253fb39,workflow_dispatch,success,97057218215,success,default,crypto-bigint-scalar,AMD EPYC 9V74 80-Core Processor,,ubuntu-24.04,20260816.277.1,6.17.0-1022-azure,rustc 1.97.1 (8bab26f4f 2026-07-14),cargo 1.97.1 (c980f4866 2026-06-30),100000,75,13,missing_target:ct_sm4_cbc_decrypt_fanout;missing_target:noise_twin_class_split,3d1104a525cdb165a188f9e9759fce076fe1a8eb7db63fa9989c835a17a2cc72,5071e40c08781333f7dfeff243b9122f9b532e5d68e0a1d2e21983181c046f01,c824863613654c8df06b3702a924c6e32b5190bf65314c56592dd4f7f927ebe5,https://github.com/frankxue831/gm-crypto-rs/actions/runs/32583881385/job/97057218215,-0.02858,-0.19320,+0.00487,-0.35127,+0.01400,-0.03154,-0.27562,+0.12948,-0.04075,+0.03476,-0.16041,-0.14799,-0.14963,-0.14697,-0.17453,+0.01354,-0.01608,+0.02380,-0.01098,+0.00893,,,,,,,,,,,+125.00739,+115.26236,+83.63136,+96.44641,+71.59525
32583881385,1,2026-08-22T16:09:57Z,613f619b022c9f7e49824488b72f445b1253fb39,workflow_dispatch,success,97057218285,success,"sm4-bitsliced-simd,sm4-aead,sm4-xts,sm2-key-exchange,tlcp","sm4-bitsliced-simd,sm4-aead,sm4-xts,sm2-key-exchange,tlcp,crypto-bigint-scalar",AMD EPYC 9V74 80-Core Processor,,ubuntu-24.04,20260816.277.1,6.17.0-1022-azure,rustc 1.97.1 (8bab26f4f 2026-07-14),cargo 1.97.1 (c980f4866 2026-06-30),100000,115,20,missing_target:noise_twin_class_split,3d1104a525cdb165a188f9e9759fce076fe1a8eb7db63fa9989c835a17a2cc72,5071e40c08781333f7dfeff243b9122f9b532e5d68e0a1d2e21983181c046f01,27e5cc7b35c24d6c9fdd5b4715c5c9f19207fd399f8bceccdf43b28345d3a429,https://github.com/frankxue831/gm-crypto-rs/actions/runs/32583881385/job/97057218285,-0.49585,-0.05108,-0.44895,-0.06510,-0.26397,-0.16071,-0.15497,-0.21236,-0.75151,-0.34419,-0.19415,-0.18468,-0.20299,-0.16815,-0.16008,+0.02186,+0.01092,+0.00873,+0.01058,-0.01513,,,,,,-0.01284,-0.01441,-0.01273,-0.02550,-0.02798,+104.29564,+110.98419,+77.22664,+149.88683,+135.42810
32583881385,1,2026-08-22T16:09:57Z,613f619b022c9f7e49824488b72f445b1253fb39,workflow_dispatch,success,97057218302,success,sm4-bitsliced-simd,"sm4-bitsliced-simd,crypto-bigint-scalar",AMD EPYC 9V74 80-Core Processor,,ubuntu-24.04,20260816.277.1,6.17.0-1022-azure,rustc 1.97.1 (8bab26f4f 2026-07-14),cargo 1.97.1 (c980f4866 2026-06-30),100000,85,15,missing_target:noise_twin_class_split,3d1104a525cdb165a188f9e9759fce076fe1a8eb7db63fa9989c835a17a2cc72,5071e40c08781333f7dfeff243b9122f9b532e5d68e0a1d2e21983181c046f01,a2a8ecebe5f3568b17374684f5fe4b05a60a8d685f9db849246e42df4efb4cc9,https://github.com/frankxue831/gm-crypto-rs/actions/runs/32583881385/job/97057218302,-0.04175,-0.04441,-0.07750,-0.08018,-0.25809,-0.07343,-0.08434,+0.03323,-0.02548,-0.28225,-0.16778,-0.19254,-0.16856,-0.17600,-0.14313,-0.01480,+0.03936,+0.02427,+0.01258,+0.01740,,,,,,+0.08126,+0.01695,-0.01182,-0.06531,-0.05664,+61.01851,+69.53239,+96.90974,+72.03339,+105.36709
32583881385,1,2026-08-22T16:09:57Z,613f619b022c9f7e49824488b72f445b1253fb39,workflow_dispatch,success,97057218347,success,sm4-bitsliced,"sm4-bitsliced,crypto-bigint-scalar",AMD EPYC 7763 64-Core Processor,,ubuntu-24.04,20260816.277.1,6.17.0-1022-azure,rustc 1.97.1 (8bab26f4f 2026-07-14),cargo 1.97.1 (c980f4866 2026-06-30),100000,75,13,missing_target:ct_sm4_cbc_decrypt_fanout;missing_target:noise_twin_class_split,3d1104a525cdb165a188f9e9759fce076fe1a8eb7db63fa9989c835a17a2cc72,5071e40c08781333f7dfeff243b9122f9b532e5d68e0a1d2e21983181c046f01,bdb3855679205f9f26f79dbc926ce81e373cdb879a29ba580dea81edb06aa662,https://github.com/frankxue831/gm-crypto-rs/actions/runs/32583881385/job/97057218347,+0.00714,-0.01184,+0.01386,+0.00682,+0.00863,+0.00516,+0.02679,+0.01411,+0.02008,+0.00557,-0.18186,-0.10580,-0.20284,-0.16004,-0.23486,+0.02301,+0.21408,+0.01808,+0.01017,-0.01162,,,,,,,,,,,+165.83615,+173.19901,+151.67401,+144.24061,+171.03561
32583883218,1,2026-08-22T16:09:59Z,613f619b022c9f7e49824488b72f445b1253fb39,workflow_dispatch,success,97057222941,success,sm4-bitsliced,"sm4-bitsliced,crypto-bigint-scalar",INTEL(R) XEON(R) PLATINUM 8573C,,ubuntu-24.04,20260816.277.1,6.17.0-1022-azure,rustc 1.97.1 (8bab26f4f 2026-07-14),cargo 1.97.1 (c980f4866 2026-06-30),100000,75,13,missing_target:ct_sm4_cbc_decrypt_fanout;missing_target:noise_twin_class_split,047475d1357883f835affc842d387958014627691cd20098147ac8aa0df8a459,7d5876450aa591695aba057ef062fd95f3a81912ae26f45abddacab6f717d6e6,e76fc7abc0797c2112225042d0fcc03baef24adbd7b6564df0cf9d3b9d89caa5,https://github.com/frankxue831/gm-crypto-rs/actions/runs/32583883218/job/97057222941,+0.01037,+0.00596,+0.00757,-0.00748,+0.01525,+0.01472,+0.04322,+0.00344,+0.02716,+0.02718,-0.04042,-0.01351,-0.02116,-0.01291,-0.01267,+0.00607,+0.07318,+0.01479,+0.01113,+0.05101,,,,,,,,,,,+57.66799,+21.03749,+36.31759,+36.15054,+62.83875
32583883218,1,2026-08-22T16:09:59Z,613f619b022c9f7e49824488b72f445b1253fb39,workflow_dispatch,success,97057223051,success,"sm4-bitsliced-simd,sm4-aead,sm4-xts,sm2-key-exchange,tlcp","sm4-bitsliced-simd,sm4-aead,sm4-xts,sm2-key-exchange,tlcp,crypto-bigint-scalar",AMD EPYC 9V74 80-Core Processor,,ubuntu-24.04,20260816.277.1,6.17.0-1022-azure,rustc 1.97.1 (8bab26f4f 2026-07-14),cargo 1.97.1 (c980f4866 2026-06-30),100000,115,20,missing_target:noise_twin_class_split,047475d1357883f835affc842d387958014627691cd20098147ac8aa0df8a459,7d5876450aa591695aba057ef062fd95f3a81912ae26f45abddacab6f717d6e6,677787cc1c897b3abe3a7de114a95722cbaaaa30a4f78e7a9712b1beeff67309,https://github.com/frankxue831/gm-crypto-rs/actions/runs/32583883218/job/97057223051,-0.25728,+0.01019,+0.15827,-0.04757,-0.17504,-0.36417,+0.01145,+0.08652,-0.08174,-0.53635,-0.22816,-0.20287,-0.20771,-0.21582,-0.21946,+0.01816,+0.01065,+0.02816,+0.01367,+0.01824,,,,,,-0.01889,+0.02745,+0.00907,+0.03818,-0.00819,+61.29475,+75.84124,+114.50683,+76.98567,+81.83780
32583883218,1,2026-08-22T16:09:59Z,613f619b022c9f7e49824488b72f445b1253fb39,workflow_dispatch,success,97057223067,success,default,crypto-bigint-scalar,AMD EPYC 7763 64-Core Processor,,ubuntu-24.04,20260816.277.1,6.17.0-1022-azure,rustc 1.97.1 (8bab26f4f 2026-07-14),cargo 1.97.1 (c980f4866 2026-06-30),100000,75,13,missing_target:ct_sm4_cbc_decrypt_fanout;missing_target:noise_twin_class_split,047475d1357883f835affc842d387958014627691cd20098147ac8aa0df8a459,7d5876450aa591695aba057ef062fd95f3a81912ae26f45abddacab6f717d6e6,af34f1647235060741bb1338623e78815fe0ce339ef731c6d4ac1cfd4225f288,https://github.com/frankxue831/gm-crypto-rs/actions/runs/32583883218/job/97057223067,-0.01273,+0.04134,+0.00679,+0.00999,-0.00832,-0.01270,+0.03562,-0.81650,+0.00750,+0.01466,-0.23820,-0.21798,-0.18142,-0.21291,-0.11761,+0.02453,+0.04255,-0.03579,+0.02743,+0.21277,,,,,,,,,,,+124.72303,+128.49849,+134.55675,+131.99528,+130.34054
32583883218,1,2026-08-22T16:09:59Z,613f619b022c9f7e49824488b72f445b1253fb39,workflow_dispatch,success,97057223082,success,sm4-bitsliced-simd,"sm4-bitsliced-simd,crypto-bigint-scalar",Intel(R) Xeon(R) Platinum 8370C CPU @ 2.80GHz,,ubuntu-24.04,20260816.277.1,6.17.0-1022-azure,rustc 1.97.1 (8bab26f4f 2026-07-14),cargo 1.97.1 (c980f4866 2026-06-30),100000,85,15,missing_target:noise_twin_class_split,047475d1357883f835affc842d387958014627691cd20098147ac8aa0df8a459,7d5876450aa591695aba057ef062fd95f3a81912ae26f45abddacab6f717d6e6,a7b54121fd3781740a5fe1f9c28a47fc302ca2b93852f79a0519faeb039c6983,https://github.com/frankxue831/gm-crypto-rs/actions/runs/32583883218/job/97057223082,-0.03594,-0.03638,-0.03468,-0.03806,-0.03522,+0.04794,+0.03937,+0.02088,+0.04467,+0.02065,-0.10898,-0.10863,-0.12393,-0.08914,-0.12194,+0.00971,+0.02171,+0.01405,+0.02074,+0.01362,,,,,,-0.00411,+0.01571,+0.02379,-0.00557,-0.01033,+371.47505,+366.21035,+356.49737,+215.13492,+554.27237
32583884824,1,2026-08-22T16:10:01Z,613f619b022c9f7e49824488b72f445b1253fb39,workflow_dispatch,success,97057226219,success,sm4-bitsliced-simd,"sm4-bitsliced-simd,crypto-bigint-scalar",AMD EPYC 7763 64-Core Processor,,ubuntu-24.04,20260816.277.1,6.17.0-1022-azure,rustc 1.97.1 (8bab26f4f 2026-07-14),cargo 1.97.1 (c980f4866 2026-06-30),100000,85,15,missing_target:noise_twin_class_split,664abe9e510073a01d28c020a865256c5b13fb9151a7b8da26c7141c1fc983b7,65345e5bc6869c962427bb11d078a2a24194fac8f3c9609ab16e80e53101ec73,94554257163bbb4b449c05968bcb8cd0c72b13c0021e578dc2844c7eb1798ca1,https://github.com/frankxue831/gm-crypto-rs/actions/runs/32583884824/job/97057226219,+0.03343,+0.00673,+0.01318,+0.01336,+0.00691,+0.05943,-0.01564,+0.05228,+0.06096,+0.05785,-0.23131,-0.13352,-0.17620,-0.12536,-0.15973,+0.30674,+0.13204,+0.29382,+0.11158,+0.27470,,,,,,-0.00510,+0.02678,-0.00912,-0.02634,+0.03342,+152.82270,+141.80566,+161.40655,+178.31653,+163.95484
32583884824,1,2026-08-22T16:10:01Z,613f619b022c9f7e49824488b72f445b1253fb39,workflow_dispatch,success,97057226388,success,"sm4-bitsliced-simd,sm4-aead,sm4-xts,sm2-key-exchange,tlcp","sm4-bitsliced-simd,sm4-aead,sm4-xts,sm2-key-exchange,tlcp,crypto-bigint-scalar",AMD EPYC 9V45 96-Core Processor,,ubuntu-24.04,20260816.277.1,6.17.0-1022-azure,rustc 1.97.1 (8bab26f4f 2026-07-14),cargo 1.97.1 (c980f4866 2026-06-30),100000,115,20,missing_target:noise_twin_class_split,664abe9e510073a01d28c020a865256c5b13fb9151a7b8da26c7141c1fc983b7,65345e5bc6869c962427bb11d078a2a24194fac8f3c9609ab16e80e53101ec73,80c607a8361ee0e0e74074e0cd78d170c0a5ed3f71d5ce2f2b7e4a96068edc88,https://github.com/frankxue831/gm-crypto-rs/actions/runs/32583884824/job/97057226388,+0.01008,-0.00886,-0.02175,+0.00444,+0.00832,-0.04387,-0.01477,-0.01469,-0.04290,+0.03474,-0.46635,-0.50315,-0.46746,-0.37617,-0.47634,-0.01837,+0.00604,+0.00930,-0.01669,+0.01338,,,,,,-0.02027,-0.00991,+0.00718,+0.00489,-0.00481,+676.08716,+1184.81940,+1452.45908,+1062.84567,+1186.15756
32583884824,1,2026-08-22T16:10:01Z,613f619b022c9f7e49824488b72f445b1253fb39,workflow_dispatch,success,97057226395,success,default,crypto-bigint-scalar,Intel(R) Xeon(R) 6973P-C,,ubuntu-24.04,20260816.277.1,6.17.0-1022-azure,rustc 1.97.1 (8bab26f4f 2026-07-14),cargo 1.97.1 (c980f4866 2026-06-30),100000,75,13,missing_target:ct_sm4_cbc_decrypt_fanout;missing_target:noise_twin_class_split,664abe9e510073a01d28c020a865256c5b13fb9151a7b8da26c7141c1fc983b7,65345e5bc6869c962427bb11d078a2a24194fac8f3c9609ab16e80e53101ec73,ddefe64a6f113320ec5dd0c99b97706288024ab135dafb4a942a6a4dad0a662d,https://github.com/frankxue831/gm-crypto-rs/actions/runs/32583884824/job/97057226395,+0.00746,+0.00770,-0.02423,+0.00655,+0.00610,-0.01976,-0.01462,-0.01943,+0.00389,+0.02407,-0.03874,-0.02803,-0.03503,-0.03467,-0.02963,-0.08141,-0.01174,+0.06974,-0.00719,+0.06422,,,,,,,,,,,+62.70377,+61.58565,+66.96921,+62.59664,+65.36202
32583884824,1,2026-08-22T16:10:01Z,613f619b022c9f7e49824488b72f445b1253fb39,workflow_dispatch,success,97057226397,success,sm4-bitsliced,"sm4-bitsliced,crypto-bigint-scalar",INTEL(R) XEON(R) PLATINUM 8573C,,ubuntu-24.04,20260816.277.1,6.17.0-1022-azure,rustc 1.97.1 (8bab26f4f 2026-07-14),cargo 1.97.1 (c980f4866 2026-06-30),100000,75,13,missing_target:ct_sm4_cbc_decrypt_fanout;missing_target:noise_twin_class_split,664abe9e510073a01d28c020a865256c5b13fb9151a7b8da26c7141c1fc983b7,65345e5bc6869c962427bb11d078a2a24194fac8f3c9609ab16e80e53101ec73,ed1fc2e63c41c12c214153e8f2fd638aab4952d8537f62a202129f3c9c638d84,https://github.com/frankxue831/gm-crypto-rs/actions/runs/32583884824/job/97057226397,+0.00583,-0.01288,+0.00662,-0.00660,+0.00639,+0.02204,+0.04121,-0.00690,+0.00878,+0.00704,-0.03653,-0.03314,-0.02968,-0.02441,-0.03120,-0.00950,+0.06602,-0.00690,-0.00769,-0.01330,,,,,,,,,,,+56.58293,+52.55310,+62.17076,+60.48994,+53.10610
32586771426,1,2026-08-22T17:07:16Z,613f619b022c9f7e49824488b72f445b1253fb39,workflow_dispatch,success,97064227759,success,"sm4-bitsliced-simd,sm4-aead,sm4-xts,sm2-key-exchange,tlcp","sm4-bitsliced-simd,sm4-aead,sm4-xts,sm2-key-exchange,tlcp,crypto-bigint-scalar",AMD EPYC 7763 64-Core Processor,,ubuntu-24.04,20260816.277.1,6.17.0-1022-azure,rustc 1.97.1 (8bab26f4f 2026-07-14),cargo 1.97.1 (c980f4866 2026-06-30),100000,115,20,missing_target:noise_twin_class_split,db6495c7a73f916d6b2679c096de3a0b0589b717de39c815421178b3d960bdcb,2d0f9c9eae50e9d2fce346ac00426563a22c24a1508ab2fa8d886810e3aad765,58dde609f59fd2f10efca49181704d0e27c0233fe663c18d9c2c93ef4c2032b8,https://github.com/frankxue831/gm-crypto-rs/actions/runs/32586771426/job/97064227759,-0.01370,-0.01006,-0.01507,+0.00775,-0.00571,-0.04279,-0.03717,-0.03250,+0.09597,-0.04481,-0.28265,-0.14323,-0.11799,-0.35787,-0.13104,+0.00510,+0.04305,+0.02897,+0.01638,+0.04336,,,,,,+0.02068,-0.02446,+0.01968,-0.02336,-0.01391,+124.52974,+167.40741,+133.07874,+133.48652,+131.13318
32586771426,1,2026-08-22T17:07:16Z,613f619b022c9f7e49824488b72f445b1253fb39,workflow_dispatch,success,97064227820,success,sm4-bitsliced,"sm4-bitsliced,crypto-bigint-scalar",AMD EPYC 7763 64-Core Processor,,ubuntu-24.04,20260816.277.1,6.17.0-1022-azure,rustc 1.97.1 (8bab26f4f 2026-07-14),cargo 1.97.1 (c980f4866 2026-06-30),100000,75,13,missing_target:ct_sm4_cbc_decrypt_fanout;missing_target:noise_twin_class_split,db6495c7a73f916d6b2679c096de3a0b0589b717de39c815421178b3d960bdcb,2d0f9c9eae50e9d2fce346ac00426563a22c24a1508ab2fa8d886810e3aad765,8ed5d3a959fec7188e397028e9f389a644385133478d48735a582eae411b3501,https://github.com/frankxue831/gm-crypto-rs/actions/runs/32586771426/job/97064227820,-0.01221,+0.00933,-0.00642,+0.01849,+0.01252,+0.01559,+0.00826,+0.01972,+0.00480,+0.02899,-0.14216,-0.21758,-0.11851,-0.34371,-0.19870,+0.18571,+0.02027,+0.20462,+0.01799,+0.09962,,,,,,,,,,,+127.77666,+139.95621,+163.94483,+114.34405,+170.61802
32586771426,1,2026-08-22T17:07:16Z,613f619b022c9f7e49824488b72f445b1253fb39,workflow_dispatch,success,97064227843,success,default,crypto-bigint-scalar,AMD EPYC 7763 64-Core Processor,,ubuntu-24.04,20260816.277.1,6.17.0-1022-azure,rustc 1.97.1 (8bab26f4f 2026-07-14),cargo 1.97.1 (c980f4866 2026-06-30),100000,75,13,missing_target:ct_sm4_cbc_decrypt_fanout;missing_target:noise_twin_class_split,db6495c7a73f916d6b2679c096de3a0b0589b717de39c815421178b3d960bdcb,2d0f9c9eae50e9d2fce346ac00426563a22c24a1508ab2fa8d886810e3aad765,7effd66e9b450850030fe7aeabdd1810145a75986181357e46ea738b5064de18,https://github.com/frankxue831/gm-crypto-rs/actions/runs/32586771426/job/97064227843,-0.00833,+0.05251,+0.00504,+0.02723,-0.01330,+0.01518,-0.01961,-0.01346,-0.01053,-0.01915,-0.10816,-0.21208,-0.20074,-0.18913,-0.21411,+0.24370,+0.04789,+0.00596,+0.03371,+0.04615,,,,,,,,,,,+88.51903,+76.28434,+117.91052,+138.06609,+123.82505
32586771426,1,2026-08-22T17:07:16Z,613f619b022c9f7e49824488b72f445b1253fb39,workflow_dispatch,success,97064227885,success,sm4-bitsliced-simd,"sm4-bitsliced-simd,crypto-bigint-scalar",AMD EPYC 7763 64-Core Processor,,ubuntu-24.04,20260816.277.1,6.17.0-1022-azure,rustc 1.97.1 (8bab26f4f 2026-07-14),cargo 1.97.1 (c980f4866 2026-06-30),100000,85,15,missing_target:noise_twin_class_split,db6495c7a73f916d6b2679c096de3a0b0589b717de39c815421178b3d960bdcb,2d0f9c9eae50e9d2fce346ac00426563a22c24a1508ab2fa8d886810e3aad765,88be791928b55bbc01b5ca1dc6c74fcdbd0be299af351f989642aa325b9129fa,https://github.com/frankxue831/gm-crypto-rs/actions/runs/32586771426/job/97064227885,+0.00750,+0.01195,-0.00692,+0.01867,-0.00563,-0.08173,+0.04783,-0.03227,+0.05529,+0.01420,-0.15951,-0.12269,-0.11124,-0.10385,-0.12176,-0.04462,+0.28929,+0.11717,+0.31153,+0.11729,,,,,,+0.05373,-0.02913,-0.06084,-0.00963,-0.02183,+136.80410,+167.29788,+144.11653,+172.04924,+119.13887
32586772861,1,2026-08-22T17:07:18Z,613f619b022c9f7e49824488b72f445b1253fb39,workflow_dispatch,failure,97064231433,failure,"sm4-bitsliced-simd,sm4-aead,sm4-xts,sm2-key-exchange,tlcp","sm4-bitsliced-simd,sm4-aead,sm4-xts,sm2-key-exchange,tlcp,crypto-bigint-scalar",INTEL(R) XEON(R) PLATINUM 8573C,,ubuntu-24.04,20260816.277.1,6.17.0-1022-azure,rustc 1.97.1 (8bab26f4f 2026-07-14),cargo 1.97.1 (c980f4866 2026-06-30),100000,115,20,missing_target:noise_twin_class_split,d7cac23f1a93c447764a3726b084dcba3e2945a78e304cf75486423ff632f233,dcb9b3ab2b7a20125a1f34c6d3c2f1cee885a99c1c663ec671d2c7e31ca134ef,67b788e24975d6eac45f1cd8a060c366a9466ae59e18951f1b16e961ee55bbd8,https://github.com/frankxue831/gm-crypto-rs/actions/runs/32586772861/job/97064231433,-0.02084,+0.01026,+0.00481,-0.02165,+0.00698,-0.00780,+0.00590,-0.01839,+0.02892,+0.03590,-0.02735,+0.00653,-0.00763,-0.00863,+0.00524,+0.00773,-0.00684,-0.07327,+0.05476,+0.03873,,,,,,-0.01138,+0.03166,+0.01228,+0.01001,+0.03622,+39.11679,+57.30333,+53.95016,+54.62575,+19.32534
32586772861,1,2026-08-22T17:07:18Z,613f619b022c9f7e49824488b72f445b1253fb39,workflow_dispatch,failure,97064231541,success,sm4-bitsliced-simd,"sm4-bitsliced-simd,crypto-bigint-scalar",AMD EPYC 7763 64-Core Processor,,ubuntu-24.04,20260816.277.1,6.17.0-1022-azure,rustc 1.97.1 (8bab26f4f 2026-07-14),cargo 1.97.1 (c980f4866 2026-06-30),100000,85,15,missing_target:noise_twin_class_split,d7cac23f1a93c447764a3726b084dcba3e2945a78e304cf75486423ff632f233,dcb9b3ab2b7a20125a1f34c6d3c2f1cee885a99c1c663ec671d2c7e31ca134ef,9df25dadefd0f6df6a12a43a2c686bf358ff684c07e9844f0137a46e82f9f89b,https://github.com/frankxue831/gm-crypto-rs/actions/runs/32586772861/job/97064231541,+0.01222,+0.00877,+0.01179,+0.01028,-0.00555,-0.06292,-0.03058,+0.04574,-0.06135,+0.06852,-0.19804,-0.18489,-0.19760,-0.12097,-0.23894,-0.05640,+0.10084,+0.30397,-0.03794,-0.01974,,,,,,-0.06756,+0.04171,+0.01309,-0.00606,+0.02604,+135.08198,+119.52305,+147.65872,+134.94939,+157.99131
32586772861,1,2026-08-22T17:07:18Z,613f619b022c9f7e49824488b72f445b1253fb39,workflow_dispatch,failure,97064231546,success,sm4-bitsliced,"sm4-bitsliced,crypto-bigint-scalar",AMD EPYC 7763 64-Core Processor,,ubuntu-24.04,20260816.277.1,6.17.0-1022-azure,rustc 1.97.1 (8bab26f4f 2026-07-14),cargo 1.97.1 (c980f4866 2026-06-30),100000,75,13,missing_target:ct_sm4_cbc_decrypt_fanout;missing_target:noise_twin_class_split,d7cac23f1a93c447764a3726b084dcba3e2945a78e304cf75486423ff632f233,dcb9b3ab2b7a20125a1f34c6d3c2f1cee885a99c1c663ec671d2c7e31ca134ef,046ef42e027a77c99dff6f57a6cdf93df927a585a48541bcf9d2672a35ccbb6e,https://github.com/frankxue831/gm-crypto-rs/actions/runs/32586772861/job/97064231546,+0.00581,-0.01001,-0.01077,-0.00520,+0.01383,+0.01509,-0.00890,+0.01658,+0.00697,-0.00568,-0.12121,-0.24253,-0.15289,-0.18793,-0.20813,+0.21047,+0.03952,+0.21350,+0.09077,+0.02382,,,,,,,,,,,+157.47269,+164.09792,+169.01409,+108.68742,+157.36101
32586772861,1,2026-08-22T17:07:18Z,613f619b022c9f7e49824488b72f445b1253fb39,workflow_dispatch,failure,97064231565,cancelled,default,crypto-bigint-scalar,AMD EPYC 9V74 80-Core Processor,,ubuntu-24.04,20260816.277.1,6.17.0-1022-azure,rustc 1.97.1 (8bab26f4f 2026-07-14),cargo 1.97.1 (c980f4866 2026-06-30),100000,75,13,missing_target:ct_sm4_cbc_decrypt_fanout;missing_target:noise_twin_class_split,d7cac23f1a93c447764a3726b084dcba3e2945a78e304cf75486423ff632f233,dcb9b3ab2b7a20125a1f34c6d3c2f1cee885a99c1c663ec671d2c7e31ca134ef,d5fa65c3129b6cfc4ad618832f0c8c6f361b1d1f4071635a9a2269fe5d8e7b4a,https://github.com/frankxue831/gm-crypto-rs/actions/runs/32586772861/job/97064231565,-0.28934,-0.03268,-0.02962,-0.06151,-0.05351,-0.23716,+0.16971,+0.09370,-0.04260,-0.02464,-0.14358,-0.18335,-0.16497,-0.16428,-0.12840,-0.00316,+0.02031,+0.02385,+0.02391,+0.02070,,,,,,,,,,,+133.35273,+68.85660,+72.91082,+65.67632,+71.74289
32586774149,1,2026-08-22T17:07:20Z,613f619b022c9f7e49824488b72f445b1253fb39,workflow_dispatch,success,97064236054,success,"sm4-bitsliced-simd,sm4-aead,sm4-xts,sm2-key-exchange,tlcp","sm4-bitsliced-simd,sm4-aead,sm4-xts,sm2-key-exchange,tlcp,crypto-bigint-scalar",AMD EPYC 9V74 80-Core Processor,,ubuntu-24.04,20260816.277.1,6.17.0-1022-azure,rustc 1.97.1 (8bab26f4f 2026-07-14),cargo 1.97.1 (c980f4866 2026-06-30),100000,115,20,missing_target:noise_twin_class_split,e273c9b68cd1b43a5e58d71fad2c171301d97743a0958cde36c8dfe114029c82,c1d4a1632369368641078f4749d06644a73dc222e2fd497027904a6891fcc5dd,76e0a1aead76a6c78301b338ab1f1a36061829ab473b16c0d0444b5220e181b0,https://github.com/frankxue831/gm-crypto-rs/actions/runs/32586774149/job/97064236054,+0.02194,-0.18325,-0.25895,-0.32694,-0.37485,-0.04744,-0.58098,-0.65859,-0.41107,-0.32936,-0.15990,-0.15324,-0.15599,-0.21931,-0.16205,+0.01375,+0.01827,+0.01382,-0.00576,+0.02076,,,,,,+0.01257,-0.01143,-0.00988,-0.00836,-0.09371,+123.36987,+1366.42370,+113.06908,+78.96614,+105.63407
32586774149,1,2026-08-22T17:07:20Z,613f619b022c9f7e49824488b72f445b1253fb39,workflow_dispatch,success,97064236127,success,sm4-bitsliced-simd,"sm4-bitsliced-simd,crypto-bigint-scalar",Intel(R) Xeon(R) 6973P-C,,ubuntu-24.04,20260816.277.1,6.17.0-1022-azure,rustc 1.97.1 (8bab26f4f 2026-07-14),cargo 1.97.1 (c980f4866 2026-06-30),100000,85,15,missing_target:noise_twin_class_split,e273c9b68cd1b43a5e58d71fad2c171301d97743a0958cde36c8dfe114029c82,c1d4a1632369368641078f4749d06644a73dc222e2fd497027904a6891fcc5dd,4e9185f1265d5faf226301ad2f39de81859e07a519709435259ecff47fafc463,https://github.com/frankxue831/gm-crypto-rs/actions/runs/32586774149/job/97064236127,-0.01427,-0.01288,+0.00679,-0.00968,-0.00574,+0.01991,+0.00542,-0.02145,+0.01007,-0.01283,-0.02935,-0.02873,-0.02839,-0.02957,-0.02527,+0.09853,-0.01173,+0.06434,+0.00929,-0.09091,,,,,,+0.01557,+0.01251,+0.00834,+0.01337,+0.01276,+64.57503,+63.45447,+66.94339,+65.15769,+65.40027
32586774149,1,2026-08-22T17:07:20Z,613f619b022c9f7e49824488b72f445b1253fb39,workflow_dispatch,success,97064236159,success,sm4-bitsliced,"sm4-bitsliced,crypto-bigint-scalar",INTEL(R) XEON(R) PLATINUM 8573C,,ubuntu-24.04,20260816.277.1,6.17.0-1022-azure,rustc 1.97.1 (8bab26f4f 2026-07-14),cargo 1.97.1 (c980f4866 2026-06-30),100000,75,13,missing_target:ct_sm4_cbc_decrypt_fanout;missing_target:noise_twin_class_split,e273c9b68cd1b43a5e58d71fad2c171301d97743a0958cde36c8dfe114029c82,c1d4a1632369368641078f4749d06644a73dc222e2fd497027904a6891fcc5dd,1d8f392782965d78c9c97835aad7228f6440d8943096a90f4aed50ab7b20b58d,https://github.com/frankxue831/gm-crypto-rs/actions/runs/32586774149/job/97064236159,-0.00585,-0.01253,-0.00387,-0.00518,+0.00593,-0.03582,-0.00425,-0.00367,-0.04103,+0.01041,-0.03105,-0.02041,-0.03573,-0.02091,-0.02712,-0.03866,+0.00726,+0.00736,-0.05398,+0.00795,,,,,,,,,,,+61.53952,+50.93927,+65.13416,+61.12533,+54.04163
32586774149,1,2026-08-22T17:07:20Z,613f619b022c9f7e49824488b72f445b1253fb39,workflow_dispatch,success,97064236224,success,default,crypto-bigint-scalar,AMD EPYC 7763 64-Core Processor,,ubuntu-24.04,20260816.277.1,6.17.0-1022-azure,rustc 1.97.1 (8bab26f4f 2026-07-14),cargo 1.97.1 (c980f4866 2026-06-30),100000,75,13,missing_target:ct_sm4_cbc_decrypt_fanout;missing_target:noise_twin_class_split,e273c9b68cd1b43a5e58d71fad2c171301d97743a0958cde36c8dfe114029c82,c1d4a1632369368641078f4749d06644a73dc222e2fd497027904a6891fcc5dd,dc92f9eadf523ed93a99b6faae2160565f5c91eccc4611ea930ca5753be89fbc,https://github.com/frankxue831/gm-crypto-rs/actions/runs/32586774149/job/97064236224,+0.04647,-0.01225,+0.06726,-0.00903,-0.01406,+0.01261,+0.01533,-0.02324,-0.00749,+0.01695,-0.17756,-0.08048,-0.13565,-0.08991,-0.09202,-0.00695,+0.05274,-0.00674,-0.02514,+0.06955,,,,,,,,,,,+135.45215,+129.45157,+135.34082,+130.04084,+137.59367
32586775582,1,2026-08-22T17:07:22Z,613f619b022c9f7e49824488b72f445b1253fb39,workflow_dispatch,success,97064238857,success,sm4-bitsliced-simd,"sm4-bitsliced-simd,crypto-bigint-scalar",AMD EPYC 9V74 80-Core Processor,,ubuntu-24.04,20260816.277.1,6.17.0-1022-azure,rustc 1.97.1 (8bab26f4f 2026-07-14),cargo 1.97.1 (c980f4866 2026-06-30),100000,85,15,missing_target:noise_twin_class_split,2a14af6cc45a235f70e79839b3ddc3e5afb1b9bdebebc0f1a12342bcb01e0d95,c80d8f9fef69b2aeba25a68429b6255f220a5edb48c2a7389604d29f58db7227,e199f5dd3ed6db950a21e7b3503b4cdbfa417657c488a7db61b15009c45e00b8,https://github.com/frankxue831/gm-crypto-rs/actions/runs/32586775582/job/97064238857,-0.00885,+0.03371,-0.29668,-0.22186,+0.03827,+0.07008,-0.41131,-0.29749,-0.23298,-0.30089,-0.17624,-0.16772,-0.17194,-0.16151,-0.15986,+0.02910,-0.04745,+0.01593,-0.01824,+0.01719,,,,,,-0.10217,-0.10697,-0.06523,-0.11097,-0.03970,+94.90034,+108.53091,+78.09389,+114.29341,+102.88312
32586775582,1,2026-08-22T17:07:22Z,613f619b022c9f7e49824488b72f445b1253fb39,workflow_dispatch,success,97064238908,success,sm4-bitsliced,"sm4-bitsliced,crypto-bigint-scalar",AMD EPYC 7763 64-Core Processor,,ubuntu-24.04,20260816.277.1,6.17.0-1022-azure,rustc 1.97.1 (8bab26f4f 2026-07-14),cargo 1.97.1 (c980f4866 2026-06-30),100000,75,13,missing_target:ct_sm4_cbc_decrypt_fanout;missing_target:noise_twin_class_split,2a14af6cc45a235f70e79839b3ddc3e5afb1b9bdebebc0f1a12342bcb01e0d95,c80d8f9fef69b2aeba25a68429b6255f220a5edb48c2a7389604d29f58db7227,fdc8a0cfe3dc6d7fa6aa32fd602d735b62806132c6a70b6cb1a2c5c5bd73814b,https://github.com/frankxue831/gm-crypto-rs/actions/runs/32586775582/job/97064238908,+0.00752,-0.00668,-0.00641,-0.00606,-0.00553,-0.02024,+0.01614,-0.01592,+0.01833,+0.00679,-0.20060,-0.11220,-0.23235,-0.15201,-0.11336,+0.05848,+0.18622,+0.00869,+0.18970,+0.20087,,,,,,,,,,,+169.73105,+163.64986,+159.82517,+159.15189,+167.17741
32586775582,1,2026-08-22T17:07:22Z,613f619b022c9f7e49824488b72f445b1253fb39,workflow_dispatch,success,97064238910,success,"sm4-bitsliced-simd,sm4-aead,sm4-xts,sm2-key-exchange,tlcp","sm4-bitsliced-simd,sm4-aead,sm4-xts,sm2-key-exchange,tlcp,crypto-bigint-scalar",AMD EPYC 7763 64-Core Processor,,ubuntu-24.04,20260816.277.1,6.17.0-1022-azure,rustc 1.97.1 (8bab26f4f 2026-07-14),cargo 1.97.1 (c980f4866 2026-06-30),100000,115,20,missing_target:noise_twin_class_split,2a14af6cc45a235f70e79839b3ddc3e5afb1b9bdebebc0f1a12342bcb01e0d95,c80d8f9fef69b2aeba25a68429b6255f220a5edb48c2a7389604d29f58db7227,60b3da72468056eea97c0d068435a253e70eb28c5e379f8008852d3313bde667,https://github.com/frankxue831/gm-crypto-rs/actions/runs/32586775582/job/97064238910,-0.00452,-0.00616,+0.01821,-0.01066,+0.00533,-0.02641,+0.00638,-0.04203,-0.03312,+0.03423,-0.13497,-0.20930,-0.14094,-0.34737,-0.25159,+0.03830,+0.32324,+0.03454,-0.00712,+0.00877,,,,,,+0.05802,+0.03993,+0.05492,-0.02329,+0.05264,+139.80458,+124.90388,+138.01042,+129.08933,+122.81302
32586775582,1,2026-08-22T17:07:22Z,613f619b022c9f7e49824488b72f445b1253fb39,workflow_dispatch,success,97064238940,success,default,crypto-bigint-scalar,AMD EPYC 9V74 80-Core Processor,,ubuntu-24.04,20260816.277.1,6.17.0-1022-azure,rustc 1.97.1 (8bab26f4f 2026-07-14),cargo 1.97.1 (c980f4866 2026-06-30),100000,75,13,missing_target:ct_sm4_cbc_decrypt_fanout;missing_target:noise_twin_class_split,2a14af6cc45a235f70e79839b3ddc3e5afb1b9bdebebc0f1a12342bcb01e0d95,c80d8f9fef69b2aeba25a68429b6255f220a5edb48c2a7389604d29f58db7227,1af3921b49b0be88002127fe8a01b14bf7201ca49bb5e98378a43cbb4e67e920,https://github.com/frankxue831/gm-crypto-rs/actions/runs/32586775582/job/97064238940,-0.11726,+0.03269,+0.04042,+0.01965,+0.02749,-0.11422,+0.08033,+0.04603,+0.07565,+0.02252,-0.19660,-0.17048,-0.16981,-0.16914,-0.16778,+0.00683,+0.03412,+0.02719,+0.00726,+0.01772,,,,,,,,,,,+77.23478,+67.61509,+72.11261,+69.30009,+69.35418
32586776949,1,2026-08-22T17:07:24Z,613f619b022c9f7e49824488b72f445b1253fb39,workflow_dispatch,success,97064242807,success,sm4-bitsliced-simd,"sm4-bitsliced-simd,crypto-bigint-scalar",AMD EPYC 9V74 80-Core Processor,,ubuntu-24.04,20260816.277.1,6.17.0-1022-azure,rustc 1.97.1 (8bab26f4f 2026-07-14),cargo 1.97.1 (c980f4866 2026-06-30),100000,85,15,missing_target:noise_twin_class_split,06ebd07f8a999bb4d36abeab3429ee13ea5b6e735f66312a5dd2580cd2f47a2b,cddd22ea13ce5de0c1d3806fd5b2f9628c170eb7c26c4655334212b9ec070d94,26be854979ed5446d0d77d77eb29b7ec780ea0c0e780ef4f168f2c707e5ef841,https://github.com/frankxue831/gm-crypto-rs/actions/runs/32586776949/job/97064242807,+0.00719,-0.07917,-0.03545,-0.30430,-0.08270,+0.14905,+0.03805,+0.02446,-0.33098,-0.12824,-0.18381,-0.17350,-0.17394,-0.16398,-0.21781,+0.01315,+0.02506,+0.01466,-0.01980,-0.00545,,,,,,-0.07820,+0.03958,-0.12592,-0.01142,-0.03523,+92.51454,+122.38747,+74.11737,+119.23305,+67.51159
32586776949,1,2026-08-22T17:07:24Z,613f619b022c9f7e49824488b72f445b1253fb39,workflow_dispatch,success,97064242923,success,sm4-bitsliced,"sm4-bitsliced,crypto-bigint-scalar",AMD EPYC 9V74 80-Core Processor,,ubuntu-24.04,20260816.277.1,6.17.0-1022-azure,rustc 1.97.1 (8bab26f4f 2026-07-14),cargo 1.97.1 (c980f4866 2026-06-30),100000,75,13,missing_target:ct_sm4_cbc_decrypt_fanout;missing_target:noise_twin_class_split,06ebd07f8a999bb4d36abeab3429ee13ea5b6e735f66312a5dd2580cd2f47a2b,cddd22ea13ce5de0c1d3806fd5b2f9628c170eb7c26c4655334212b9ec070d94,ec37ee7eaba2eeba9e19f8b0d8cbf9d9dda08aa45cd982bc183245f5b5bae267,https://github.com/frankxue831/gm-crypto-rs/actions/runs/32586776949/job/97064242923,-0.12459,-0.02099,+0.00591,-0.06071,-0.05365,-0.01449,+0.10346,+0.07217,-0.23867,+0.16235,-0.17783,-0.16628,-0.20051,-0.21288,-0.17112,-0.00749,+0.01044,+0.01112,+0.00659,+0.01702,,,,,,,,,,,+81.84529,+96.42910,+114.37457,+84.83128,+101.76460
32586776949,1,2026-08-22T17:07:24Z,613f619b022c9f7e49824488b72f445b1253fb39,workflow_dispatch,success,97064242934,success,default,crypto-bigint-scalar,AMD EPYC 7763 64-Core Processor,,ubuntu-24.04,20260816.277.1,6.17.0-1022-azure,rustc 1.97.1 (8bab26f4f 2026-07-14),cargo 1.97.1 (c980f4866 2026-06-30),100000,75,13,missing_target:ct_sm4_cbc_decrypt_fanout;missing_target:noise_twin_class_split,06ebd07f8a999bb4d36abeab3429ee13ea5b6e735f66312a5dd2580cd2f47a2b,cddd22ea13ce5de0c1d3806fd5b2f9628c170eb7c26c4655334212b9ec070d94,514ae7cef9f11aadb4990f5e5f0e471a8d30bbfeac0caf576bd4848880336c90,https://github.com/frankxue831/gm-crypto-rs/actions/runs/32586776949/job/97064242934,-0.01603,-0.00548,-0.01135,+0.03582,+0.00636,-0.00992,-0.04086,+0.01361,+0.02022,+0.00727,-0.14526,-0.15497,-0.10933,-0.27518,-0.19139,+0.03718,+0.25469,+0.23776,+0.01270,-0.05049,,,,,,,,,,,+118.67457,+129.62445,+127.45561,+95.97644,+129.23498
32586776949,1,2026-08-22T17:07:24Z,613f619b022c9f7e49824488b72f445b1253fb39,workflow_dispatch,success,97064242972,success,"sm4-bitsliced-simd,sm4-aead,sm4-xts,sm2-key-exchange,tlcp","sm4-bitsliced-simd,sm4-aead,sm4-xts,sm2-key-exchange,tlcp,crypto-bigint-scalar",INTEL(R) XEON(R) PLATINUM 8573C,,ubuntu-24.04,20260816.277.1,6.17.0-1022-azure,rustc 1.97.1 (8bab26f4f 2026-07-14),cargo 1.97.1 (c980f4866 2026-06-30),100000,115,20,missing_target:noise_twin_class_split,06ebd07f8a999bb4d36abeab3429ee13ea5b6e735f66312a5dd2580cd2f47a2b,cddd22ea13ce5de0c1d3806fd5b2f9628c170eb7c26c4655334212b9ec070d94,fc3b1da0676c6711cf40897d019485b7a9dfbd658a334bbf3d886a0ad1c71c1f,https://github.com/frankxue831/gm-crypto-rs/actions/runs/32586776949/job/97064242972,-0.03278,+0.00396,-0.03140,+0.00776,+0.00795,+0.03152,-0.05993,-0.00991,+0.03965,+0.00692,-0.01117,+0.00849,-0.00780,+0.00592,+0.01260,+0.02224,-0.02729,-0.00967,+0.05165,+0.00633,,,,,,-0.01435,-0.00525,-0.03785,-0.00700,+0.01713,+22.82751,+60.76430,+61.27036,+60.28497,+24.49157
32590047515,1,2026-08-22T18:12:19Z,a27594409d74257b9653c0807bdfb8f664037926,workflow_dispatch,cancelled,97072336437,success,sm4-bitsliced,"sm4-bitsliced,crypto-bigint-scalar",AMD EPYC 7763 64-Core Processor,AMD EPYC 7763 64-Core Processor,ubuntu-24.04,20260816.277.1,6.17.0-1022-azure,rustc 1.97.1 (8bab26f4f 2026-07-14),cargo 1.97.1 (c980f4866 2026-06-30),100000,80,14,missing_target:ct_sm4_cbc_decrypt_fanout,cef32ee02573f990367da3bc4a203382154f38f18d635e4cf02dadffae7f24a0,2faaa7cb463077e9137881ac686db45fa4deddc960c673189b1f9c18c5a274d8,a0fda89143ce9ffa9289a06c26b2c1af51fbfea05979724105550c6a94d57071,https://github.com/frankxue831/gm-crypto-rs/actions/runs/32590047515/job/97072336437,-0.00702,-0.01584,-0.00818,-0.01375,-0.01180,-0.02837,+0.16256,+0.15295,-0.02881,-0.01058,-0.17735,-0.40053,-0.27035,-0.11997,-0.11915,+0.00877,-0.00631,-0.01203,+0.03553,+0.02334,-0.02310,-0.00330,+0.00603,+0.00579,+0.00313,,,,,,+149.92289,+139.54803,+106.25951,+130.07564,+129.19614
32590047515,1,2026-08-22T18:12:19Z,a27594409d74257b9653c0807bdfb8f664037926,workflow_dispatch,cancelled,97072336472,success,"sm4-bitsliced-simd,sm4-aead,sm4-xts,sm2-key-exchange,tlcp","sm4-bitsliced-simd,sm4-aead,sm4-xts,sm2-key-exchange,tlcp,crypto-bigint-scalar",AMD EPYC 9V74 80-Core Processor,AMD EPYC 9V74 80-Core Processor,ubuntu-24.04,20260816.277.1,6.17.0-1022-azure,rustc 1.97.1 (8bab26f4f 2026-07-14),cargo 1.97.1 (c980f4866 2026-06-30),100000,120,21,,cef32ee02573f990367da3bc4a203382154f38f18d635e4cf02dadffae7f24a0,2faaa7cb463077e9137881ac686db45fa4deddc960c673189b1f9c18c5a274d8,a2b34e6a6ba9c82078757b94382efb95bae76b35881524862757ff8d2d713833,https://github.com/frankxue831/gm-crypto-rs/actions/runs/32590047515/job/97072336472,-0.32889,-0.28345,-0.06211,-0.00524,-0.08566,+0.12912,+0.12198,-0.01067,+0.08341,+0.08538,-0.16632,-0.14838,-0.19983,-0.16274,-0.23177,+0.00796,+0.01298,+0.00719,+0.02328,+0.00625,-0.00470,-0.00691,-0.00479,-0.01032,+0.00420,+0.19337,+0.04408,+0.19935,+0.20234,+0.27245,+110.00336,+74.48560,+69.18675,+100.18853,+72.21322
32590047515,1,2026-08-22T18:12:19Z,a27594409d74257b9653c0807bdfb8f664037926,workflow_dispatch,cancelled,97072336538,cancelled,default,crypto-bigint-scalar,AMD EPYC 7763 64-Core Processor,,ubuntu-24.04,20260816.277.1,6.17.0-1022-azure,rustc 1.97.1 (8bab26f4f 2026-07-14),cargo 1.97.1 (c980f4866 2026-06-30),100000,73,0,incomplete_target:ct_sm4_ctr_encrypt;incomplete_target:ct_sm4_encrypt_block;incomplete_target:ct_sm4_key_schedule;incomplete_target:negative_control;incomplete_target:noise_floor_fn_invert;incomplete_target:noise_floor_fp_invert;incomplete_target:noise_twin_class_split;missing_target:ct_sm4_cbc_decrypt_fanout,cef32ee02573f990367da3bc4a203382154f38f18d635e4cf02dadffae7f24a0,2faaa7cb463077e9137881ac686db45fa4deddc960c673189b1f9c18c5a274d8,34a253d498c5043c03c39816abfae1ca92afa4f4bce2b2c133587b5d321cadcb,https://github.com/frankxue831/gm-crypto-rs/actions/runs/32590047515/job/97072336538,-0.00431,+0.00772,-0.01188,-0.00652,+0.00914,-0.01834,+0.01403,+0.01150,-0.00929,-0.00675,-0.02692,+0.07282,-0.02928,-0.03682,-0.02535,-0.05249,+0.00941,+0.02745,+0.01382,+0.15155,+0.00361,+0.00579,+0.00501,-0.00660,,,,,,,+62.65703,+78.73528,+62.23618,+49.09623,
32590047515,1,2026-08-22T18:12:19Z,a27594409d74257b9653c0807bdfb8f664037926,workflow_dispatch,cancelled,97072336583,success,sm4-bitsliced-simd,"sm4-bitsliced-simd,crypto-bigint-scalar",AMD EPYC 7763 64-Core Processor,AMD EPYC 7763 64-Core Processor,ubuntu-24.04,20260816.277.1,6.17.0-1022-azure,rustc 1.97.1 (8bab26f4f 2026-07-14),cargo 1.97.1 (c980f4866 2026-06-30),100000,90,16,,cef32ee02573f990367da3bc4a203382154f38f18d635e4cf02dadffae7f24a0,2faaa7cb463077e9137881ac686db45fa4deddc960c673189b1f9c18c5a274d8,586ac9bbbb335f928b4bb0f035f14653432303ab20bed2908ae155a1b4317742,https://github.com/frankxue831/gm-crypto-rs/actions/runs/32590047515/job/97072336583,-0.00829,-0.02146,+0.00559,-0.06215,+0.01072,-0.03623,+0.10316,-0.01192,-0.04585,-0.03021,-0.20738,-0.22939,-0.22715,-0.28940,-0.19375,+0.02163,+0.00975,+0.00694,+0.03073,+0.02112,+0.00539,-0.11345,-0.00685,-0.00335,+0.00625,-0.00703,+0.00917,-0.01561,-0.00763,+0.01515,+151.16780,+163.86633,+112.79324,+72.97088,+142.92221
32590073627,1,2026-08-22T18:12:51Z,a27594409d74257b9653c0807bdfb8f664037926,workflow_dispatch,success,97072403322,success,"sm4-bitsliced-simd,sm4-aead,sm4-xts,sm2-key-exchange,tlcp","sm4-bitsliced-simd,sm4-aead,sm4-xts,sm2-key-exchange,tlcp,crypto-bigint-scalar",AMD EPYC 9V74 80-Core Processor,AMD EPYC 9V74 80-Core Processor,ubuntu-24.04,20260816.277.1,6.17.0-1022-azure,rustc 1.97.1 (8bab26f4f 2026-07-14),cargo 1.97.1 (c980f4866 2026-06-30),100000,120,21,,2d8d6e008f597919c7b9401dbdf490ebd322285b39bd7a822a68718b3a67cad6,5454378c549bcb855aeae56005ba9db244757c4ffd1efe03f8352d26a57f3661,c42c210fac315edf64a3b197da131cee529a14f8162c433c0fd218fa88cb0678,https://github.com/frankxue831/gm-crypto-rs/actions/runs/32590073627/job/97072403322,-0.07411,-0.17871,-0.04967,-0.02222,+0.00867,-0.02568,-0.33942,-0.05125,+0.08225,+0.07816,-0.18594,-0.21927,-0.18454,-0.16950,-0.18452,+0.01089,+0.01108,+0.03293,+0.00872,+0.01011,-0.00483,+0.00621,-0.00706,-0.00357,+0.00530,+0.17444,+0.07865,+0.11809,+0.12742,+0.25496,+74.74500,+73.01317,+86.43876,+124.78196,+69.37805
32590073627,1,2026-08-22T18:12:51Z,a27594409d74257b9653c0807bdfb8f664037926,workflow_dispatch,success,97072403397,success,sm4-bitsliced-simd,"sm4-bitsliced-simd,crypto-bigint-scalar",AMD EPYC 9V45 96-Core Processor,AMD EPYC 9V45 96-Core Processor,ubuntu-24.04,20260816.277.1,6.17.0-1022-azure,rustc 1.97.1 (8bab26f4f 2026-07-14),cargo 1.97.1 (c980f4866 2026-06-30),100000,90,16,,2d8d6e008f597919c7b9401dbdf490ebd322285b39bd7a822a68718b3a67cad6,5454378c549bcb855aeae56005ba9db244757c4ffd1efe03f8352d26a57f3661,0d1ee1e0dd7ed0f7aff0e06d11ff59148b9d416de2e99e8f64317c431fd3dced,https://github.com/frankxue831/gm-crypto-rs/actions/runs/32590073627/job/97072403397,+0.00708,-0.01872,+0.00609,-0.00921,+0.00737,+0.03602,+0.01048,-0.01236,+0.02082,-0.02011,-0.11687,-0.11856,-0.12724,-0.07177,-0.08131,-0.02788,-0.01867,+0.00409,+0.01334,+0.00329,+0.00736,-0.00783,+0.00141,-0.01181,+0.00703,+0.00924,-0.00562,-0.00725,-0.00918,-0.01081,+431.06287,+200.81036,+349.09599,+627.18051,+318.60597
32590073627,1,2026-08-22T18:12:51Z,a27594409d74257b9653c0807bdfb8f664037926,workflow_dispatch,success,97072403426,success,default,crypto-bigint-scalar,AMD EPYC 7763 64-Core Processor,AMD EPYC 7763 64-Core Processor,ubuntu-24.04,20260816.277.1,6.17.0-1022-azure,rustc 1.97.1 (8bab26f4f 2026-07-14),cargo 1.97.1 (c980f4866 2026-06-30),100000,80,14,missing_target:ct_sm4_cbc_decrypt_fanout,2d8d6e008f597919c7b9401dbdf490ebd322285b39bd7a822a68718b3a67cad6,5454378c549bcb855aeae56005ba9db244757c4ffd1efe03f8352d26a57f3661,9b844f8a42df2ad61cce5208761c4f322ffee29fecb482f364bb9b240a264c8f,https://github.com/frankxue831/gm-crypto-rs/actions/runs/32590073627/job/97072403426,-0.00476,-0.00819,+0.00502,-0.00577,+0.00494,+0.01753,-0.01192,+0.02444,+0.03468,+0.02790,-0.17893,-0.25531,-0.19003,-0.20287,-0.20954,+0.04480,+0.02002,+0.04269,+0.03637,+0.03350,-0.00579,-0.00619,+0.00396,+0.00447,-0.00583,,,,,,+122.22509,+128.18823,+115.21592,+129.06281,+137.43345
32590073627,1,2026-08-22T18:12:51Z,a27594409d74257b9653c0807bdfb8f664037926,workflow_dispatch,success,97072403517,success,sm4-bitsliced,"sm4-bitsliced,crypto-bigint-scalar",AMD EPYC 9V74 80-Core Processor,AMD EPYC 9V74 80-Core Processor,ubuntu-24.04,20260816.277.1,6.17.0-1022-azure,rustc 1.97.1 (8bab26f4f 2026-07-14),cargo 1.97.1 (c980f4866 2026-06-30),100000,80,14,missing_target:ct_sm4_cbc_decrypt_fanout,2d8d6e008f597919c7b9401dbdf490ebd322285b39bd7a822a68718b3a67cad6,5454378c549bcb855aeae56005ba9db244757c4ffd1efe03f8352d26a57f3661,4943408229b37ba9cd336db3b2c4fc19b25b58beba72f1f4542654978f8cbd68,https://github.com/frankxue831/gm-crypto-rs/actions/runs/32590073627/job/97072403517,-0.14649,-0.25596,+0.01872,+0.07540,-0.05003,-0.05952,-0.21949,-0.16566,-0.19037,-0.01018,-0.15228,-0.14500,-0.20447,-0.15706,-0.17423,+0.00607,+0.00822,+0.00659,+0.01031,-0.00506,-0.00396,-0.00244,+0.00526,-0.00633,+0.00434,,,,,,+73.06693,+110.82222,+74.75634,+1391.21058,+70.40877
32590075068,1,2026-08-22T18:12:53Z,a27594409d74257b9653c0807bdfb8f664037926,workflow_dispatch,success,97072406852,success,"sm4-bitsliced-simd,sm4-aead,sm4-xts,sm2-key-exchange,tlcp","sm4-bitsliced-simd,sm4-aead,sm4-xts,sm2-key-exchange,tlcp,crypto-bigint-scalar",AMD EPYC 7763 64-Core Processor,AMD EPYC 7763 64-Core Processor,ubuntu-24.04,20260816.277.1,6.17.0-1022-azure,rustc 1.97.1 (8bab26f4f 2026-07-14),cargo 1.97.1 (c980f4866 2026-06-30),100000,120,21,,8f0cbf329fa69c224a63ac40014c650e48c42e31b993be6fcfc04a38a49c9820,eb54b64fe5ec2025bb92d2eb4e3b52e2738e7cddd8db11a49c1174834a70ec32,81ba35064e4ad7323c403dd5882095bfa43d0ee5e41b8c7bec86545a832acf43,https://github.com/frankxue831/gm-crypto-rs/actions/runs/32590075068/job/97072406852,-0.00648,+0.00372,-0.00560,+0.00805,-0.01061,+0.02405,+0.04710,+0.02216,-0.03436,+0.05293,-0.16626,-0.23637,-0.17901,-0.14065,-0.25880,+0.11138,+0.01552,+0.07486,+0.00808,+0.02340,-0.00324,-0.00390,-0.00506,-0.00613,-0.00800,-0.01595,-0.03419,-0.00795,+0.03807,+0.02495,+156.04436,+165.01151,+165.98421,+167.81568,+135.05683
32590075068,1,2026-08-22T18:12:53Z,a27594409d74257b9653c0807bdfb8f664037926,workflow_dispatch,success,97072406889,success,sm4-bitsliced-simd,"sm4-bitsliced-simd,crypto-bigint-scalar",AMD EPYC 9V74 80-Core Processor,AMD EPYC 9V74 80-Core Processor,ubuntu-24.04,20260816.277.1,6.17.0-1022-azure,rustc 1.97.1 (8bab26f4f 2026-07-14),cargo 1.97.1 (c980f4866 2026-06-30),100000,90,16,,8f0cbf329fa69c224a63ac40014c650e48c42e31b993be6fcfc04a38a49c9820,eb54b64fe5ec2025bb92d2eb4e3b52e2738e7cddd8db11a49c1174834a70ec32,306a073105c2f0c3c536dac15163f72ff12855003f8ee85015784b974c45c493,https://github.com/frankxue831/gm-crypto-rs/actions/runs/32590075068/job/97072406889,-0.33868,-0.41203,-0.31593,-0.29829,-0.39757,-0.55482,+0.06021,-0.25732,-0.26140,-0.03922,-0.19887,-0.17943,-0.16712,-0.17779,-0.20162,+0.00983,+0.01125,+0.00915,+0.01915,+0.01267,+0.00604,-0.00565,+0.00332,-0.00357,-0.00363,+0.31393,+0.16462,+0.16104,+0.13166,+0.28366,+77.56538,+111.58717,+93.37608,+82.83754,+75.59729
32590075068,1,2026-08-22T18:12:53Z,a27594409d74257b9653c0807bdfb8f664037926,workflow_dispatch,success,97072406956,success,sm4-bitsliced,"sm4-bitsliced,crypto-bigint-scalar",AMD EPYC 9V74 80-Core Processor,AMD EPYC 9V74 80-Core Processor,ubuntu-24.04,20260816.277.1,6.17.0-1022-azure,rustc 1.97.1 (8bab26f4f 2026-07-14),cargo 1.97.1 (c980f4866 2026-06-30),100000,80,14,missing_target:ct_sm4_cbc_decrypt_fanout,8f0cbf329fa69c224a63ac40014c650e48c42e31b993be6fcfc04a38a49c9820,eb54b64fe5ec2025bb92d2eb4e3b52e2738e7cddd8db11a49c1174834a70ec32,e02560409248a94218e2458eaf44f56936ac7f566f022d88bf84ed16f831e162,https://github.com/frankxue831/gm-crypto-rs/actions/runs/32590075068/job/97072406956,-0.05469,-0.08005,-0.19532,-0.03432,+0.00675,+0.00875,-0.22076,-0.17438,+0.02033,+0.02034,-0.18390,-0.22122,-0.15148,-0.16176,-0.17289,-0.07531,+0.00562,+0.01903,+0.01985,-0.00503,+0.02229,-0.00300,-0.04295,-0.00603,-0.00472,,,,,,+70.31274,+75.86023,+78.04860,+72.56358,+69.19121
32590075068,1,2026-08-22T18:12:53Z,a27594409d74257b9653c0807bdfb8f664037926,workflow_dispatch,success,97072407233,success,default,crypto-bigint-scalar,AMD EPYC 9V74 80-Core Processor,AMD EPYC 9V74 80-Core Processor,ubuntu-24.04,20260816.277.1,6.17.0-1022-azure,rustc 1.97.1 (8bab26f4f 2026-07-14),cargo 1.97.1 (c980f4866 2026-06-30),100000,80,14,missing_target:ct_sm4_cbc_decrypt_fanout,8f0cbf329fa69c224a63ac40014c650e48c42e31b993be6fcfc04a38a49c9820,eb54b64fe5ec2025bb92d2eb4e3b52e2738e7cddd8db11a49c1174834a70ec32,dc2ec6e892949f1fd14c4f7be196125b339c2f59617c7e97b1ae4e9d3269e4b3,https://github.com/frankxue831/gm-crypto-rs/actions/runs/32590075068/job/97072407233,-0.17877,-0.00648,+0.01559,-0.03457,+0.04477,-0.31822,+0.11495,+0.13684,+0.09012,-0.26393,-0.16251,-0.16099,-0.16007,-0.16041,-0.16867,+0.00724,+0.01976,+0.02194,+0.00487,-0.01828,-0.00639,-0.00657,+0.00723,-0.00747,-0.00413,,,,,,+126.52659,+67.87480,+71.30952,+66.52275,+122.20094
32590077074,1,2026-08-22T18:12:55Z,a27594409d74257b9653c0807bdfb8f664037926,workflow_dispatch,success,97072412125,success,sm4-bitsliced-simd,"sm4-bitsliced-simd,crypto-bigint-scalar",AMD EPYC 9V74 80-Core Processor,AMD EPYC 9V74 80-Core Processor,ubuntu-24.04,20260816.277.1,6.17.0-1022-azure,rustc 1.97.1 (8bab26f4f 2026-07-14),cargo 1.97.1 (c980f4866 2026-06-30),100000,90,16,,dd71214f0de4dc901565324c8e274253116eb2ab95bdbc3a1fbf9e923a86ad5d,e17b2747dfe5918142b2d91cabf327a212332aff7870ca524512d3bdeb22b256,2065dfe0c90b447f1514a6ce2ddaed83d9560ac4cf7972365cabf2b0ad64d080,https://github.com/frankxue831/gm-crypto-rs/actions/runs/32590077074/job/97072412125,-0.01223,-0.11272,-0.14583,-0.36674,-0.41809,-0.36645,-0.33069,-0.48439,+0.12219,-0.32950,-0.17709,-0.18530,-0.16878,-0.18158,-0.23003,+0.01961,-0.00655,+0.02021,+0.01052,-0.00546,-0.02936,-0.00598,+0.00624,+0.00568,+0.04226,+0.05475,+0.15428,+0.17038,+0.05262,+0.12422,+84.66248,+75.77746,+85.35071,+80.64117,+76.66644
32590077074,1,2026-08-22T18:12:55Z,a27594409d74257b9653c0807bdfb8f664037926,workflow_dispatch,success,97072412183,success,"sm4-bitsliced-simd,sm4-aead,sm4-xts,sm2-key-exchange,tlcp","sm4-bitsliced-simd,sm4-aead,sm4-xts,sm2-key-exchange,tlcp,crypto-bigint-scalar",AMD EPYC 7763 64-Core Processor,AMD EPYC 7763 64-Core Processor,ubuntu-24.04,20260816.277.1,6.17.0-1022-azure,rustc 1.97.1 (8bab26f4f 2026-07-14),cargo 1.97.1 (c980f4866 2026-06-30),100000,120,21,,dd71214f0de4dc901565324c8e274253116eb2ab95bdbc3a1fbf9e923a86ad5d,e17b2747dfe5918142b2d91cabf327a212332aff7870ca524512d3bdeb22b256,8e6fcd78bc219e12b8872bbd58dc4e797dfad12a39f51c0087a339f2fb91d11a,https://github.com/frankxue831/gm-crypto-rs/actions/runs/32590077074/job/97072412183,-0.00917,+0.00643,+0.02316,+0.00789,-0.00507,-0.02792,+0.02283,+0.04689,-0.04041,-0.03512,-0.29823,-0.29593,-0.20863,-0.28104,-0.29531,-0.07588,+0.37817,-0.01390,-0.01557,-0.00691,+0.00772,-0.00676,-0.00506,+0.01791,+0.00541,-0.03005,-0.00835,-0.03046,-0.02082,-0.05870,+124.73332,+183.99299,+172.32871,+184.93976,+181.50184
32590077074,1,2026-08-22T18:12:55Z,a27594409d74257b9653c0807bdfb8f664037926,workflow_dispatch,success,97072412239,success,default,crypto-bigint-scalar,AMD EPYC 9V74 80-Core Processor,AMD EPYC 9V74 80-Core Processor,ubuntu-24.04,20260816.277.1,6.17.0-1022-azure,rustc 1.97.1 (8bab26f4f 2026-07-14),cargo 1.97.1 (c980f4866 2026-06-30),100000,80,14,missing_target:ct_sm4_cbc_decrypt_fanout,dd71214f0de4dc901565324c8e274253116eb2ab95bdbc3a1fbf9e923a86ad5d,e17b2747dfe5918142b2d91cabf327a212332aff7870ca524512d3bdeb22b256,c218f7f71fdaf87f12eb66c28023e69e41fc74b0097344756fad8744a40a6e5b,https://github.com/frankxue831/gm-crypto-rs/actions/runs/32590077074/job/97072412239,-0.01736,+0.00912,-0.09484,+0.01018,-0.28052,+0.11714,-0.14854,-0.29667,-0.11809,-0.26294,-0.16532,-0.22253,-0.21762,-0.21290,-0.16025,+0.02052,+0.00694,+0.00508,+0.00932,+0.00675,-0.02822,-0.00620,-0.00364,+0.00479,-0.00498,,,,,,+72.53404,+67.18582,+72.96952,+103.22716,+132.20207
32590077074,1,2026-08-22T18:12:55Z,a27594409d74257b9653c0807bdfb8f664037926,workflow_dispatch,success,97072412279,success,sm4-bitsliced,"sm4-bitsliced,crypto-bigint-scalar",AMD EPYC 9V74 80-Core Processor,AMD EPYC 9V74 80-Core Processor,ubuntu-24.04,20260816.277.1,6.17.0-1022-azure,rustc 1.97.1 (8bab26f4f 2026-07-14),cargo 1.97.1 (c980f4866 2026-06-30),100000,80,14,missing_target:ct_sm4_cbc_decrypt_fanout,dd71214f0de4dc901565324c8e274253116eb2ab95bdbc3a1fbf9e923a86ad5d,e17b2747dfe5918142b2d91cabf327a212332aff7870ca524512d3bdeb22b256,b4237440590bdfeab764c07f7c058637bd627938d4b1da97fc0156b162f50e3c,https://github.com/frankxue831/gm-crypto-rs/actions/runs/32590077074/job/97072412279,-0.14257,-0.18690,-0.02496,-0.03390,-0.06849,-0.00782,-0.17131,+0.01158,-0.04376,-0.32982,-0.18663,-0.16323,-0.17891,-0.19977,-0.22527,+0.00561,+0.01202,+0.01778,+0.01147,+0.00464,-0.00674,+0.00605,+0.00570,+0.03668,+0.00705,,,,,,+79.41657,+113.22457,+73.90071,+71.91516,+95.45005
32609415571,1,2026-08-23T01:03:16Z,672022301008fcfe440ddf18e57ffbf772157a4e,workflow_dispatch,success,97119847658,success,"sm4-bitsliced-simd,sm4-aead,sm4-xts,sm2-key-exchange,tlcp","sm4-bitsliced-simd,sm4-aead,sm4-xts,sm2-key-exchange,tlcp,crypto-bigint-scalar",INTEL(R) XEON(R) PLATINUM 8573C,INTEL(R) XEON(R) PLATINUM 8573C,ubuntu-24.04,20260816.277.1,6.17.0-1022-azure,rustc 1.97.1 (8bab26f4f 2026-07-14),cargo 1.97.1 (c980f4866 2026-06-30),100000,120,22,,0567f35498a00b855441ab9f473054efc4d7105b317caffb73cca65d4f2229d1,bec0f1208fd9d619217fe9fdcae7b9191e952a9dd98ff04c21c886c67082a346,4e4e51b6f211012b90c62b681bc75070a508f9d5a7b6873fabf59e2153cc153e,https://github.com/frankxue831/gm-crypto-rs/actions/runs/32609415571/job/97119847658,-0.02643,-0.00506,-0.01061,-0.00603,-0.01435,-0.04101,+0.03654,-0.04105,+0.00618,-0.00496,+0.01191,+0.01581,-0.02690,-0.01299,+0.01630,-0.07303,+0.06804,-0.07711,+0.00773,+0.00416,+0.00550,+0.00388,+0.00497,+0.04099,-0.17652,-0.02571,+0.05664,+0.02836,-0.01982,-0.00767,+66.76158,+62.64621,+66.12146,+61.18018,+59.22904
32609415571,1,2026-08-23T01:03:16Z,672022301008fcfe440ddf18e57ffbf772157a4e,workflow_dispatch,success,97119847742,success,default,crypto-bigint-scalar,AMD EPYC 7763 64-Core Processor,AMD EPYC 7763 64-Core Processor,ubuntu-24.04,20260816.277.1,6.17.0-1022-azure,rustc 1.97.1 (8bab26f4f 2026-07-14),cargo 1.97.1 (c980f4866 2026-06-30),100000,80,14,missing_target:ct_sm4_cbc_decrypt_fanout,0567f35498a00b855441ab9f473054efc4d7105b317caffb73cca65d4f2229d1,bec0f1208fd9d619217fe9fdcae7b9191e952a9dd98ff04c21c886c67082a346,f2d547f7ad5ba4a3ae962fd039a1a978a9645a91e6b4462be4adc72cd1a4d892,https://github.com/frankxue831/gm-crypto-rs/actions/runs/32609415571/job/97119847742,-0.00590,+0.05943,+0.00819,-0.00872,-0.00735,+0.00610,+0.00619,-0.00679,+0.00871,+0.01198,-0.18107,-0.21413,-0.27229,-0.18624,-0.16595,+0.02136,+0.02432,-0.00545,+0.01558,+0.03736,-0.02193,+0.01179,+0.00395,-0.00476,+0.00693,,,,,,+130.68394,+129.12234,+130.01342,+129.82496,+125.78386
32609415571,1,2026-08-23T01:03:16Z,672022301008fcfe440ddf18e57ffbf772157a4e,workflow_dispatch,success,97119847818,success,sm4-bitsliced,"sm4-bitsliced,crypto-bigint-scalar",AMD EPYC 7763 64-Core Processor,AMD EPYC 7763 64-Core Processor,ubuntu-24.04,20260816.277.1,6.17.0-1022-azure,rustc 1.97.1 (8bab26f4f 2026-07-14),cargo 1.97.1 (c980f4866 2026-06-30),100000,80,14,missing_target:ct_sm4_cbc_decrypt_fanout,0567f35498a00b855441ab9f473054efc4d7105b317caffb73cca65d4f2229d1,bec0f1208fd9d619217fe9fdcae7b9191e952a9dd98ff04c21c886c67082a346,23dc683131a66f6cac0a32556e3d3c640063916538c5b76f80a7c2f74d3c1b7e,https://github.com/frankxue831/gm-crypto-rs/actions/runs/32609415571/job/97119847818,-0.00546,-0.00401,-0.01736,+0.00538,-0.00523,+0.09809,+0.00920,-0.02840,+0.10536,-0.05031,-0.29148,-0.27390,-0.26567,-0.31583,-0.23886,+0.05984,+0.26969,+0.27915,-0.02192,-0.01609,-0.00475,+0.00600,+0.00337,+0.01564,+0.01463,,,,,,+138.71157,+115.38967,+131.08261,+126.97417,+124.69857
32609415571,1,2026-08-23T01:03:16Z,672022301008fcfe440ddf18e57ffbf772157a4e,workflow_dispatch,success,97119847884,success,sm4-bitsliced-simd,"sm4-bitsliced-simd,crypto-bigint-scalar",AMD EPYC 7763 64-Core Processor,AMD EPYC 7763 64-Core Processor,ubuntu-24.04,20260816.277.1,6.17.0-1022-azure,rustc 1.97.1 (8bab26f4f 2026-07-14),cargo 1.97.1 (c980f4866 2026-06-30),100000,90,16,,0567f35498a00b855441ab9f473054efc4d7105b317caffb73cca65d4f2229d1,bec0f1208fd9d619217fe9fdcae7b9191e952a9dd98ff04c21c886c67082a346,90759a4b32afc6a96424623ee20cb274912a29a70bd05425feb760b3b4db7187,https://github.com/frankxue831/gm-crypto-rs/actions/runs/32609415571/job/97119847884,-0.00693,-0.00544,-0.00725,-0.01359,-0.00774,-0.05454,-0.01455,-0.05250,-0.00642,+0.02990,-0.23416,-0.28479,-0.32454,-0.19769,-0.19992,+0.24280,-0.00468,-0.01487,+0.21938,+0.23410,-0.00314,+0.01955,-0.00349,+0.00658,-0.00878,-0.00829,-0.04424,+0.00630,-0.04239,+0.01246,+124.66045,+141.89124,+146.80006,+126.04721,+103.42623
32609416701,1,2026-08-23T01:03:18Z,672022301008fcfe440ddf18e57ffbf772157a4e,workflow_dispatch,success,97119850189,success,default,crypto-bigint-scalar,INTEL(R) XEON(R) PLATINUM 8573C,INTEL(R) XEON(R) PLATINUM 8573C,ubuntu-24.04,20260816.277.1,6.17.0-1022-azure,rustc 1.97.1 (8bab26f4f 2026-07-14),cargo 1.97.1 (c980f4866 2026-06-30),100000,80,14,missing_target:ct_sm4_cbc_decrypt_fanout,e704b7a4124a5cf358527924913788d59ce25790b80744de3f37e13517cd5825,4b1c0d06b774ba664a85f8e9d43d7e81001962f9cda86ed37f71c18db4716403,68b39bc5b95a41b8c1a20a6dc9408594266079d5110d188f15fa3a43525dcfdd,https://github.com/frankxue831/gm-crypto-rs/actions/runs/32609416701/job/97119850189,-0.02534,-0.00700,-0.00834,+0.00729,-0.00845,-0.00832,-0.04748,+0.03694,+0.00491,-0.04564,-0.01861,+0.02629,-0.00939,-0.02496,-0.01043,+0.01585,-0.06556,-0.02150,+0.00842,-0.06206,-0.08097,+0.00949,-0.00954,+0.00580,+0.00749,,,,,,+62.86398,+60.62785,+63.96311,+63.63953,+59.91003
32609416701,1,2026-08-23T01:03:18Z,672022301008fcfe440ddf18e57ffbf772157a4e,workflow_dispatch,success,97119850259,success,sm4-bitsliced-simd,"sm4-bitsliced-simd,crypto-bigint-scalar",AMD EPYC 7763 64-Core Processor,AMD EPYC 7763 64-Core Processor,ubuntu-24.04,20260816.277.1,6.17.0-1022-azure,rustc 1.97.1 (8bab26f4f 2026-07-14),cargo 1.97.1 (c980f4866 2026-06-30),100000,90,16,,e704b7a4124a5cf358527924913788d59ce25790b80744de3f37e13517cd5825,4b1c0d06b774ba664a85f8e9d43d7e81001962f9cda86ed37f71c18db4716403,3974ea1c9b1ead1005b1185fa673db877f845271d2edd7d409f2bda0ad078b0c,https://github.com/frankxue831/gm-crypto-rs/actions/runs/32609416701/job/97119850259,-0.00623,-0.00930,-0.00901,-0.00745,-0.00589,-0.01370,+0.00585,+0.00589,-0.01177,-0.03393,-0.20720,-0.21794,-0.23746,-0.24239,-0.28094,+0.01271,+0.20863,+0.01730,+0.01002,+0.02700,+0.00721,-0.00267,-0.00970,-0.02454,-0.00404,-0.00976,-0.01306,-0.00544,-0.04400,-0.04520,+160.47444,+162.47187,+158.40874,+150.24530,+153.52964
32609416701,1,2026-08-23T01:03:18Z,672022301008fcfe440ddf18e57ffbf772157a4e,workflow_dispatch,success,97119850280,success,"sm4-bitsliced-simd,sm4-aead,sm4-xts,sm2-key-exchange,tlcp","sm4-bitsliced-simd,sm4-aead,sm4-xts,sm2-key-exchange,tlcp,crypto-bigint-scalar",AMD EPYC 7763 64-Core Processor,AMD EPYC 7763 64-Core Processor,ubuntu-24.04,20260816.277.1,6.17.0-1022-azure,rustc 1.97.1 (8bab26f4f 2026-07-14),cargo 1.97.1 (c980f4866 2026-06-30),100000,120,22,,e704b7a4124a5cf358527924913788d59ce25790b80744de3f37e13517cd5825,4b1c0d06b774ba664a85f8e9d43d7e81001962f9cda86ed37f71c18db4716403,1c1c4c0165b93f13a0a7c53721ec187eea64230c55aec418d51d1973d30523f0,https://github.com/frankxue831/gm-crypto-rs/actions/runs/32609416701/job/97119850280,+0.00459,-0.00674,+0.00590,+0.00679,+0.00425,+0.03414,-0.02349,+0.05230,-0.04135,+0.02388,-0.19726,-0.24311,-0.24752,-0.19481,-0.15842,-0.01112,+0.13960,-0.01675,+0.03695,+0.34745,-0.00676,-0.00277,-0.00376,+0.00574,-0.00636,-0.01604,+0.04644,+0.00981,-0.00573,-0.00702,+172.18537,+123.80106,+171.64848,+171.82482,+157.95165
32609416701,1,2026-08-23T01:03:18Z,672022301008fcfe440ddf18e57ffbf772157a4e,workflow_dispatch,success,97119850290,success,sm4-bitsliced,"sm4-bitsliced,crypto-bigint-scalar",AMD EPYC 7763 64-Core Processor,AMD EPYC 7763 64-Core Processor,ubuntu-24.04,20260816.277.1,6.17.0-1022-azure,rustc 1.97.1 (8bab26f4f 2026-07-14),cargo 1.97.1 (c980f4866 2026-06-30),100000,80,14,missing_target:ct_sm4_cbc_decrypt_fanout,e704b7a4124a5cf358527924913788d59ce25790b80744de3f37e13517cd5825,4b1c0d06b774ba664a85f8e9d43d7e81001962f9cda86ed37f71c18db4716403,d604fd940afdaebf74e47d09e832913104d27c24b7c32ae11db45e0eafb016cb,https://github.com/frankxue831/gm-crypto-rs/actions/runs/32609416701/job/97119850290,-0.01838,-0.00743,-0.00896,-0.01474,-0.01117,-0.02862,-0.01929,+0.01240,+0.01391,-0.02236,-0.11876,-0.12136,-0.11415,-0.11971,-0.11169,-0.00615,+0.04344,+0.23770,+0.27154,+0.01597,-0.00465,-0.00528,-0.00434,-0.00634,-0.00574,,,,,,+136.12111,+116.15687,+119.55871,+125.51700,+129.28128
32609417874,1,2026-08-23T01:03:20Z,672022301008fcfe440ddf18e57ffbf772157a4e,workflow_dispatch,success,97119853621,success,"sm4-bitsliced-simd,sm4-aead,sm4-xts,sm2-key-exchange,tlcp","sm4-bitsliced-simd,sm4-aead,sm4-xts,sm2-key-exchange,tlcp,crypto-bigint-scalar",AMD EPYC 7763 64-Core Processor,AMD EPYC 7763 64-Core Processor,ubuntu-24.04,20260816.277.1,6.17.0-1022-azure,rustc 1.97.1 (8bab26f4f 2026-07-14),cargo 1.97.1 (c980f4866 2026-06-30),100000,120,22,,58bc8ceda68836ae3ab6561ad812ad271af398c2c2803d91f55d560325414305,6c1869a653c7d5ebb8a7e0f1e22a14234263155d0e4461fedc24c91ad188075f,04fd8cb747c2e8411e13db457275958424bbcd7b429937f2f7cdde15c442433c,https://github.com/frankxue831/gm-crypto-rs/actions/runs/32609417874/job/97119853621,+0.00868,+0.00831,-0.00592,+0.00779,+0.00949,+0.05596,+0.04534,-0.03751,+0.02327,+0.02488,-0.20795,-0.25499,-0.25816,-0.16296,-0.10862,-0.03184,-0.01423,-0.05426,+0.34235,+0.36591,-0.02740,+0.00458,+0.00247,+0.00339,-0.00530,+0.01262,-0.01184,-0.02431,-0.02384,-0.02119,+117.99592,+173.43842,+155.82073,+115.60306,+114.59579
32609417874,1,2026-08-23T01:03:20Z,672022301008fcfe440ddf18e57ffbf772157a4e,workflow_dispatch,success,97119853671,success,sm4-bitsliced,"sm4-bitsliced,crypto-bigint-scalar",Intel(R) Xeon(R) 6973P-C,Intel(R) Xeon(R) 6973P-C,ubuntu-24.04,20260816.277.1,6.17.0-1022-azure,rustc 1.97.1 (8bab26f4f 2026-07-14),cargo 1.97.1 (c980f4866 2026-06-30),100000,80,14,missing_target:ct_sm4_cbc_decrypt_fanout,58bc8ceda68836ae3ab6561ad812ad271af398c2c2803d91f55d560325414305,6c1869a653c7d5ebb8a7e0f1e22a14234263155d0e4461fedc24c91ad188075f,448d498d795f56870bee6a4e312df01fc24e350e09118c4a1829a91f7df4ca0c,https://github.com/frankxue831/gm-crypto-rs/actions/runs/32609417874/job/97119853671,-0.00454,+0.01194,-0.01515,-0.01280,+0.00722,-0.00917,+0.00527,+0.01653,+0.01731,-0.01555,-0.02235,-0.01801,-0.02345,-0.02016,-0.01584,-0.01710,+0.00569,+0.13139,+0.13969,-0.14032,+0.00182,+0.00399,+0.00435,-0.00429,-0.00435,,,,,,+73.24237,+65.09093,+57.19604,+50.10506,+65.53287
32609417874,1,2026-08-23T01:03:20Z,672022301008fcfe440ddf18e57ffbf772157a4e,workflow_dispatch,success,97119853731,success,sm4-bitsliced-simd,"sm4-bitsliced-simd,crypto-bigint-scalar",AMD EPYC 7763 64-Core Processor,AMD EPYC 7763 64-Core Processor,ubuntu-24.04,20260816.277.1,6.17.0-1022-azure,rustc 1.97.1 (8bab26f4f 2026-07-14),cargo 1.97.1 (c980f4866 2026-06-30),100000,90,16,,58bc8ceda68836ae3ab6561ad812ad271af398c2c2803d91f55d560325414305,6c1869a653c7d5ebb8a7e0f1e22a14234263155d0e4461fedc24c91ad188075f,ec34e1712cbb7df32d042570b8d1a813e72160b7d57e6ac979d022211aeca72b,https://github.com/frankxue831/gm-crypto-rs/actions/runs/32609417874/job/97119853731,-0.00745,-0.00906,-0.00825,+0.00650,+0.00504,+0.01032,+0.00402,+0.00619,+0.00759,+0.07031,-0.18841,-0.25646,-0.26571,-0.26162,-0.24492,+0.20748,+0.01844,+0.01529,+0.00701,+0.01005,-0.01059,+0.00396,+0.00827,+0.00485,-0.00573,-0.03213,+0.00746,+0.03105,+0.00425,-0.01653,+111.43815,+144.17022,+160.61583,+148.30032,+160.62115
32609417874,1,2026-08-23T01:03:20Z,672022301008fcfe440ddf18e57ffbf772157a4e,workflow_dispatch,success,97119853752,success,default,crypto-bigint-scalar,AMD EPYC 7763 64-Core Processor,AMD EPYC 7763 64-Core Processor,ubuntu-24.04,20260816.277.1,6.17.0-1022-azure,rustc 1.97.1 (8bab26f4f 2026-07-14),cargo 1.97.1 (c980f4866 2026-06-30),100000,80,14,missing_target:ct_sm4_cbc_decrypt_fanout,58bc8ceda68836ae3ab6561ad812ad271af398c2c2803d91f55d560325414305,6c1869a653c7d5ebb8a7e0f1e22a14234263155d0e4461fedc24c91ad188075f,b3b1f27adbe09cba1f33a19df7060640ce2c8bfb7cc81b5006b78663307418dd,https://github.com/frankxue831/gm-crypto-rs/actions/runs/32609417874/job/97119853752,-0.00799,+0.00668,-0.00533,-0.00670,-0.07337,-0.01349,-0.01820,+0.00663,-0.00903,-0.10875,-0.14667,-0.13587,-0.22435,-0.09003,-0.19009,+0.23585,-0.02292,+0.02887,+0.22532,+0.03220,-0.01203,-0.00562,-0.00479,-0.03584,-0.00356,,,,,,+125.94212,+126.52896,+130.72950,+100.88176,+140.84872
32609419138,1,2026-08-23T01:03:22Z,672022301008fcfe440ddf18e57ffbf772157a4e,workflow_dispatch,success,97119856319,success,sm4-bitsliced-simd,"sm4-bitsliced-simd,crypto-bigint-scalar",Intel(R) Xeon(R) 6973P-C,Intel(R) Xeon(R) 6973P-C,ubuntu-24.04,20260816.277.1,6.17.0-1022-azure,rustc 1.97.1 (8bab26f4f 2026-07-14),cargo 1.97.1 (c980f4866 2026-06-30),100000,90,16,,9a337d3675f74867aaae1373ae9be8a24e2dcfdd4dfad5e3630531d2ca114d63,b0bf441cb76c06c4e03d808f45c631edbf31d8a826ff39e45cfe7c8168bd6ed7,1d563994add95c582d66365374529e6e2be1e164bd6573ace955d267f756432d,https://github.com/frankxue831/gm-crypto-rs/actions/runs/32609419138/job/97119856319,+0.00756,-0.00884,+0.00669,+0.00714,-0.00580,-0.02227,+0.02505,-0.01227,+0.01981,-0.02468,-0.03228,-0.02520,-0.02583,-0.02500,-0.03450,-0.09374,-0.07753,-0.08088,+0.10715,+0.09937,+0.00724,-0.00937,-0.00533,+0.00414,+0.00456,+0.01233,+0.01008,+0.01554,-0.00663,-0.00996,+57.78981,+63.76959,+59.23033,+65.53103,+60.91997
32609419138,1,2026-08-23T01:03:22Z,672022301008fcfe440ddf18e57ffbf772157a4e,workflow_dispatch,success,97119856397,success,sm4-bitsliced,"sm4-bitsliced,crypto-bigint-scalar",AMD EPYC 7763 64-Core Processor,AMD EPYC 7763 64-Core Processor,ubuntu-24.04,20260816.277.1,6.17.0-1022-azure,rustc 1.97.1 (8bab26f4f 2026-07-14),cargo 1.97.1 (c980f4866 2026-06-30),100000,80,14,missing_target:ct_sm4_cbc_decrypt_fanout,9a337d3675f74867aaae1373ae9be8a24e2dcfdd4dfad5e3630531d2ca114d63,b0bf441cb76c06c4e03d808f45c631edbf31d8a826ff39e45cfe7c8168bd6ed7,b7e4893685ab3e9e12854a84f8697ed6c57810c4ac2c73346a5d192a310c3246,https://github.com/frankxue831/gm-crypto-rs/actions/runs/32609419138/job/97119856397,-0.01070,-0.01380,-0.01536,-0.00911,-0.01403,-0.01320,-0.03143,-0.01651,-0.02400,-0.03155,-0.12078,-0.13346,-0.12131,-0.10594,-0.11922,+0.02837,+0.01590,+0.01760,+0.30379,+0.03438,+0.00651,-0.00731,+0.00461,+0.01100,+0.00910,,,,,,+127.71571,+138.42490,+125.11685,+510.25585,+133.24080
32609419138,1,2026-08-23T01:03:22Z,672022301008fcfe440ddf18e57ffbf772157a4e,workflow_dispatch,success,97119856429,success,"sm4-bitsliced-simd,sm4-aead,sm4-xts,sm2-key-exchange,tlcp","sm4-bitsliced-simd,sm4-aead,sm4-xts,sm2-key-exchange,tlcp,crypto-bigint-scalar",INTEL(R) XEON(R) PLATINUM 8573C,INTEL(R) XEON(R) PLATINUM 8573C,ubuntu-24.04,20260816.277.1,6.17.0-1022-azure,rustc 1.97.1 (8bab26f4f 2026-07-14),cargo 1.97.1 (c980f4866 2026-06-30),100000,120,22,,9a337d3675f74867aaae1373ae9be8a24e2dcfdd4dfad5e3630531d2ca114d63,b0bf441cb76c06c4e03d808f45c631edbf31d8a826ff39e45cfe7c8168bd6ed7,7f3c788c3a59b94c2906871a45b4772d8619d627ac9de81a7226fcfcb51fd3f1,https://github.com/frankxue831/gm-crypto-rs/actions/runs/32609419138/job/97119856429,-0.00673,-0.00839,-0.00894,-0.01097,+0.00396,+0.00538,+0.00716,-0.03622,+0.04645,+0.00903,-0.01495,-0.02611,-0.01317,-0.01558,+0.01022,+0.00897,+0.00931,-0.07090,+0.06511,+0.00488,-0.03612,-0.01001,+0.07877,-0.03423,-0.00642,+0.02335,-0.02369,+0.05495,+0.05159,+0.07894,+68.87663,+66.25115,+67.94550,+70.33258,+66.40544
32609419138,1,2026-08-23T01:03:22Z,672022301008fcfe440ddf18e57ffbf772157a4e,workflow_dispatch,success,97119856431,success,default,crypto-bigint-scalar,Intel(R) Xeon(R) Platinum 8370C CPU @ 2.80GHz,Intel(R) Xeon(R) Platinum 8370C CPU @ 2.80GHz,ubuntu-24.04,20260816.277.1,6.17.0-1022-azure,rustc 1.97.1 (8bab26f4f 2026-07-14),cargo 1.97.1 (c980f4866 2026-06-30),100000,80,14,missing_target:ct_sm4_cbc_decrypt_fanout,9a337d3675f74867aaae1373ae9be8a24e2dcfdd4dfad5e3630531d2ca114d63,b0bf441cb76c06c4e03d808f45c631edbf31d8a826ff39e45cfe7c8168bd6ed7,f4bc30f2d710d42e6043400e18252a11a1156a449d3773b355b8476f286c35bb,https://github.com/frankxue831/gm-crypto-rs/actions/runs/32609419138/job/97119856431,-0.01479,+0.02256,-0.01317,-0.01514,-0.01281,+0.01814,+0.04203,+0.05199,+0.03657,+0.04602,-0.17223,-0.17942,-0.19001,-0.19133,-0.16507,+0.01333,+0.00806,+0.01177,+0.02182,+0.03050,+0.00863,-0.00584,+0.00300,+0.00567,+0.00525,,,,,,+199.73748,+254.96763,+79.46306,+184.15290,+218.50623
32619716568,1,2026-08-23T05:10:59Z,34634d9c3e6f1eeecb8bf658ab13ab42c6eaeb14,schedule,success,97145911611,success,sm4-bitsliced,"sm4-bitsliced,crypto-bigint-scalar",Intel(R) Xeon(R) 6973P-C,Intel(R) Xeon(R) 6973P-C,ubuntu-24.04,20260816.277.1,6.17.0-1022-azure,rustc 1.97.1 (8bab26f4f 2026-07-14),cargo 1.97.1 (c980f4866 2026-06-30),100000,80,14,missing_target:ct_sm4_cbc_decrypt_fanout,15c13ba3f003d50f7953d0f9ce3b038a52e253bc79cc149088881988aabe65fb,2eb950f134297a9cf71fa4819e3e2ed8006642d19f895d39c96a9244fd7911a5,168c1686ddf3829aa704aba11d44af75e0f7485f9c7fb9343e27a85e23685018,https://github.com/frankxue831/gm-crypto-rs/actions/runs/32619716568/job/97145911611,-0.00756,-0.00862,+0.01331,-0.00628,+0.01386,-0.01031,-0.02906,+0.01782,+0.00554,-0.02657,-0.03453,-0.01883,-0.02239,-0.02228,-0.01188,+0.01642,-0.15217,+0.13440,-0.00851,-0.15469,-0.00436,-0.04207,+0.00434,-0.03420,+0.01011,,,,,,+60.75037,+57.07139,+53.17981,+61.64633,+51.64458
32619716568,1,2026-08-23T05:10:59Z,34634d9c3e6f1eeecb8bf658ab13ab42c6eaeb14,schedule,success,97145911698,success,default,crypto-bigint-scalar,AMD EPYC 9V74 80-Core Processor,AMD EPYC 9V74 80-Core Processor,ubuntu-24.04,20260816.277.1,6.17.0-1022-azure,rustc 1.97.1 (8bab26f4f 2026-07-14),cargo 1.97.1 (c980f4866 2026-06-30),100000,80,14,missing_target:ct_sm4_cbc_decrypt_fanout,15c13ba3f003d50f7953d0f9ce3b038a52e253bc79cc149088881988aabe65fb,2eb950f134297a9cf71fa4819e3e2ed8006642d19f895d39c96a9244fd7911a5,db85b9feea1f87309977e5265e41ddca4410de13c1376808df4b004716273069,https://github.com/frankxue831/gm-crypto-rs/actions/runs/32619716568/job/97145911698,-0.05950,-0.19113,-0.02254,-0.10763,-0.01651,+0.07359,-0.22438,+0.07268,-0.02437,+0.17111,-0.16625,-0.14329,-0.16281,-0.19821,-0.16571,+0.02796,-0.00936,+0.02905,-0.02087,-0.00591,+0.00231,-0.00447,-0.00729,-0.00615,+0.00555,,,,,,+88.23568,+98.73536,+64.19151,+71.03840,+68.52737
32619716568,1,2026-08-23T05:10:59Z,34634d9c3e6f1eeecb8bf658ab13ab42c6eaeb14,schedule,success,97145911713,success,"sm4-bitsliced-simd,sm4-aead,sm4-xts,sm2-key-exchange,tlcp","sm4-bitsliced-simd,sm4-aead,sm4-xts,sm2-key-exchange,tlcp,crypto-bigint-scalar",INTEL(R) XEON(R) PLATINUM 8573C,INTEL(R) XEON(R) PLATINUM 8573C,ubuntu-24.04,20260816.277.1,6.17.0-1022-azure,rustc 1.97.1 (8bab26f4f 2026-07-14),cargo 1.97.1 (c980f4866 2026-06-30),100000,120,22,,15c13ba3f003d50f7953d0f9ce3b038a52e253bc79cc149088881988aabe65fb,2eb950f134297a9cf71fa4819e3e2ed8006642d19f895d39c96a9244fd7911a5,050414b1f3f912d5c525abda566d5c97e6bd387fb416012dd3eeac4fa92add53,https://github.com/frankxue831/gm-crypto-rs/actions/runs/32619716568/job/97145911713,+0.01919,-0.02408,-0.00693,+0.00985,-0.00900,-0.04479,+0.00548,-0.04248,-0.01316,+0.00871,-0.03361,-0.03422,-0.02967,-0.03759,-0.03596,-0.06098,-0.02939,-0.06557,+0.00486,+0.01127,+0.02805,+0.00443,+0.06431,+0.01319,-0.01535,+0.04512,+0.04219,-0.03262,-0.02164,+0.01039,+65.76006,+56.49493,+68.31593,+63.37638,+65.28375
32619716568,1,2026-08-23T05:10:59Z,34634d9c3e6f1eeecb8bf658ab13ab42c6eaeb14,schedule,success,97145911781,success,sm4-bitsliced-simd,"sm4-bitsliced-simd,crypto-bigint-scalar",AMD EPYC 7763 64-Core Processor,AMD EPYC 7763 64-Core Processor,ubuntu-24.04,20260816.277.1,6.17.0-1022-azure,rustc 1.97.1 (8bab26f4f 2026-07-14),cargo 1.97.1 (c980f4866 2026-06-30),100000,90,16,,15c13ba3f003d50f7953d0f9ce3b038a52e253bc79cc149088881988aabe65fb,2eb950f134297a9cf71fa4819e3e2ed8006642d19f895d39c96a9244fd7911a5,c25745e8cd9b2e3d9fd1cfe0891dffa656dec15e85d010a9053cc69dccde06b4,https://github.com/frankxue831/gm-crypto-rs/actions/runs/32619716568/job/97145911781,-0.01938,+0.00837,+0.00826,-0.08352,-0.00598,+0.09136,-0.02843,-0.03476,+0.02210,+0.01187,-0.19517,-0.24301,-0.21667,-0.19411,-0.18173,+0.00667,+0.03158,+0.01000,+0.00725,+0.20420,-0.01282,-0.00369,-0.01061,+0.02902,-0.00718,+0.01087,+0.00670,-0.01862,-0.03151,+0.02115,+124.36773,+146.87125,+163.08366,+157.05191,+160.63211
32693025666,1,2026-08-24T05:17:58Z,34634d9c3e6f1eeecb8bf658ab13ab42c6eaeb14,schedule,success,97329981268,success,sm4-bitsliced-simd,"sm4-bitsliced-simd,crypto-bigint-scalar",AMD EPYC 9V74 80-Core Processor,AMD EPYC 9V74 80-Core Processor,ubuntu-24.04,20260816.277.1,6.17.0-1022-azure,rustc 1.97.1 (8bab26f4f 2026-07-14),cargo 1.97.1 (c980f4866 2026-06-30),100000,90,16,,d7dc324c68e1944858e7be6ed1126933ea03689e0568003767fccbb20b229bb3,443d18af373975d99e466777149e8aa086d6376b27b83117ed15d230e43d4610,04409c1eceed91988fdb8038e9ba5380aed08a1bc9e9fa91e2a1fdf52a8057d9,https://github.com/frankxue831/gm-crypto-rs/actions/runs/32693025666/job/97329981268,-0.40998,-0.42984,-0.38551,-0.42483,-0.43366,+0.16599,-0.52035,-0.21488,-0.36260,-0.12109,-0.18825,-0.16315,-0.22985,-0.22742,-0.21380,+0.01225,-0.00516,+0.00738,+0.00961,+0.00619,+0.00333,-0.00411,+0.00938,+0.00171,+0.00592,-0.02681,+0.03712,+0.03891,+0.03370,-0.19434,+73.50413,+88.51499,+78.51770,+77.55596,+80.69507
32693025666,1,2026-08-24T05:17:58Z,34634d9c3e6f1eeecb8bf658ab13ab42c6eaeb14,schedule,success,97329981356,success,"sm4-bitsliced-simd,sm4-aead,sm4-xts,sm2-key-exchange,tlcp","sm4-bitsliced-simd,sm4-aead,sm4-xts,sm2-key-exchange,tlcp,crypto-bigint-scalar",AMD EPYC 7763 64-Core Processor,AMD EPYC 7763 64-Core Processor,ubuntu-24.04,20260816.277.1,6.17.0-1022-azure,rustc 1.97.1 (8bab26f4f 2026-07-14),cargo 1.97.1 (c980f4866 2026-06-30),100000,120,22,,d7dc324c68e1944858e7be6ed1126933ea03689e0568003767fccbb20b229bb3,443d18af373975d99e466777149e8aa086d6376b27b83117ed15d230e43d4610,02bec6f81ba04b862f55187b18810620f1c207351662e88751e16a7c3d6d84b2,https://github.com/frankxue831/gm-crypto-rs/actions/runs/32693025666/job/97329981356,-0.00354,-0.04134,+0.01040,-0.00830,+0.01024,+0.01949,-0.02968,-0.03173,-0.01860,-0.04200,-0.17005,-0.25201,-0.28361,-0.30184,-0.18248,+0.33394,-0.07113,+0.01289,-0.05413,-0.01298,-0.00720,+0.00357,+0.01262,+0.00422,-0.00460,-0.05822,-0.06034,-0.02816,-0.01335,-0.03008,+154.10448,+170.79414,+117.84827,+168.90127,+177.44177
32693025666,1,2026-08-24T05:17:58Z,34634d9c3e6f1eeecb8bf658ab13ab42c6eaeb14,schedule,success,97329981410,success,sm4-bitsliced,"sm4-bitsliced,crypto-bigint-scalar",INTEL(R) XEON(R) PLATINUM 8573C,INTEL(R) XEON(R) PLATINUM 8573C,ubuntu-24.04,20260816.277.1,6.17.0-1022-azure,rustc 1.97.1 (8bab26f4f 2026-07-14),cargo 1.97.1 (c980f4866 2026-06-30),100000,80,14,missing_target:ct_sm4_cbc_decrypt_fanout,d7dc324c68e1944858e7be6ed1126933ea03689e0568003767fccbb20b229bb3,443d18af373975d99e466777149e8aa086d6376b27b83117ed15d230e43d4610,df15ccf597d22dff4f0d4e484cb5373a76217cd898b18179cbc0a0c8734f8b85,https://github.com/frankxue831/gm-crypto-rs/actions/runs/32693025666/job/97329981410,-0.01264,-0.02028,+0.00739,+0.00664,+0.01584,-0.00289,+0.01935,-0.00737,+0.03691,-0.03974,-0.00811,+0.03259,-0.00696,-0.01167,-0.01031,+0.00782,-0.05489,-0.02360,-0.04086,-0.07750,-0.00585,-0.00410,+0.03735,-0.06921,-0.00675,,,,,,+58.66548,+60.25954,+66.27243,+62.00802,+68.47992
32693025666,1,2026-08-24T05:17:58Z,34634d9c3e6f1eeecb8bf658ab13ab42c6eaeb14,schedule,success,97329981439,success,default,crypto-bigint-scalar,AMD EPYC 7763 64-Core Processor,AMD EPYC 7763 64-Core Processor,ubuntu-24.04,20260816.277.1,6.17.0-1022-azure,rustc 1.97.1 (8bab26f4f 2026-07-14),cargo 1.97.1 (c980f4866 2026-06-30),100000,80,14,missing_target:ct_sm4_cbc_decrypt_fanout,d7dc324c68e1944858e7be6ed1126933ea03689e0568003767fccbb20b229bb3,443d18af373975d99e466777149e8aa086d6376b27b83117ed15d230e43d4610,7fe42eeca7e00fbc862f0684cf3539de3f1d5e5e247baf5291f6f2cb94182505,https://github.com/frankxue831/gm-crypto-rs/actions/runs/32693025666/job/97329981439,+0.00872,+0.00988,-0.00694,+0.00733,-0.00313,-0.02262,+0.01457,-0.01856,-0.02755,-0.01786,-0.13099,-0.19990,-0.12908,-0.11269,-0.10364,+0.25674,+0.04917,+0.24526,+0.24021,+0.23044,-0.00570,+0.02813,-0.00350,+0.00522,-0.00880,,,,,,+132.30370,+118.46974,+127.26357,+121.71186,+127.88957
32812011723,1,2026-08-25T05:13:44Z,34634d9c3e6f1eeecb8bf658ab13ab42c6eaeb14,schedule,success,97693000327,success,"sm4-bitsliced-simd,sm4-aead,sm4-xts,sm2-key-exchange,tlcp","sm4-bitsliced-simd,sm4-aead,sm4-xts,sm2-key-exchange,tlcp,crypto-bigint-scalar",AMD EPYC 7763 64-Core Processor,AMD EPYC 7763 64-Core Processor,ubuntu-24.04,20260816.277.1,6.17.0-1022-azure,rustc 1.97.1 (8bab26f4f 2026-07-14),cargo 1.97.1 (c980f4866 2026-06-30),100000,120,22,,434b16cea2eebe4d4550c18e7caa8ee1c7178126a39c29e682dea0add0c057f1,d389431c985f9875e777fa543888d1e3c6ee8e9bb35eb9d830247d0fb3b69020,04c37bf557150312a843c952cc422b31da7bc183fc0142b58aaa5274903ce194,https://github.com/frankxue831/gm-crypto-rs/actions/runs/32812011723/job/97693000327,-0.00510,+0.02600,+0.00584,-0.00419,+0.01291,-0.03793,+0.05321,-0.03257,-0.03507,-0.03814,-0.23928,-0.33913,-0.16414,-0.33599,-0.15028,-0.01941,-0.01288,-0.01643,-0.06284,-0.01789,+0.00470,-0.00244,+0.00591,-0.00336,+0.00608,-0.05180,-0.04391,-0.01209,-0.03654,-0.02052,+133.97433,+170.83847,+188.12838,+146.61122,+176.13347
32812011723,1,2026-08-25T05:13:44Z,34634d9c3e6f1eeecb8bf658ab13ab42c6eaeb14,schedule,success,97693000537,success,sm4-bitsliced,"sm4-bitsliced,crypto-bigint-scalar",AMD EPYC 9V74 80-Core Processor,AMD EPYC 9V74 80-Core Processor,ubuntu-24.04,20260816.277.1,6.17.0-1022-azure,rustc 1.97.1 (8bab26f4f 2026-07-14),cargo 1.97.1 (c980f4866 2026-06-30),100000,80,14,missing_target:ct_sm4_cbc_decrypt_fanout,434b16cea2eebe4d4550c18e7caa8ee1c7178126a39c29e682dea0add0c057f1,d389431c985f9875e777fa543888d1e3c6ee8e9bb35eb9d830247d0fb3b69020,ef766c222596411b8e9a10fddf3f5f17d92bf2f368bcb442c3770a2569ba1800,https://github.com/frankxue831/gm-crypto-rs/actions/runs/32812011723/job/97693000537,-0.05204,-0.03263,-0.07497,-0.02601,-0.10389,-0.17704,+0.09980,-0.22717,+0.04123,-0.18154,-0.23884,-0.19744,-0.23116,-0.17849,-0.16393,+0.00746,+0.01471,-0.00641,+0.01699,-0.01659,-0.02367,-0.00906,-0.00476,-0.00814,-0.00366,,,,,,+74.65582,+74.93556,+64.92209,+75.14279,+98.70961
32812011723,1,2026-08-25T05:13:44Z,34634d9c3e6f1eeecb8bf658ab13ab42c6eaeb14,schedule,success,97693000589,success,default,crypto-bigint-scalar,AMD EPYC 7763 64-Core Processor,AMD EPYC 7763 64-Core Processor,ubuntu-24.04,20260816.277.1,6.17.0-1022-azure,rustc 1.97.1 (8bab26f4f 2026-07-14),cargo 1.97.1 (c980f4866 2026-06-30),100000,80,14,missing_target:ct_sm4_cbc_decrypt_fanout,434b16cea2eebe4d4550c18e7caa8ee1c7178126a39c29e682dea0add0c057f1,d389431c985f9875e777fa543888d1e3c6ee8e9bb35eb9d830247d0fb3b69020,f35b58dd8fc4d6c058a6371f6c8b77c9a43e952cc052d1a45b54dedaf4c31977,https://github.com/frankxue831/gm-crypto-rs/actions/runs/32812011723/job/97693000589,+0.00712,+0.01083,+0.00749,+0.00422,-0.00529,+0.00566,-0.01055,+0.00948,-0.01227,-0.00758,-0.22352,-0.19650,-0.21227,-0.24392,-0.21921,+0.01274,+0.01622,+0.01607,+0.03160,+0.03228,+0.00453,+0.00426,-0.01821,+0.01098,-0.00591,,,,,,+141.35755,+88.40363,+120.86453,+105.59323,+127.42761
32812011723,1,2026-08-25T05:13:44Z,34634d9c3e6f1eeecb8bf658ab13ab42c6eaeb14,schedule,success,97693000740,success,sm4-bitsliced-simd,"sm4-bitsliced-simd,crypto-bigint-scalar",INTEL(R) XEON(R) PLATINUM 8573C,INTEL(R) XEON(R) PLATINUM 8573C,ubuntu-24.04,20260816.277.1,6.17.0-1022-azure,rustc 1.97.1 (8bab26f4f 2026-07-14),cargo 1.97.1 (c980f4866 2026-06-30),100000,90,16,,434b16cea2eebe4d4550c18e7caa8ee1c7178126a39c29e682dea0add0c057f1,d389431c985f9875e777fa543888d1e3c6ee8e9bb35eb9d830247d0fb3b69020,776f90c905a9203b0110019b5dce8c62603d3ae6569418c42878b8098a59646d,https://github.com/frankxue831/gm-crypto-rs/actions/runs/32812011723/job/97693000740,+0.00657,+0.00539,-0.00425,-0.00817,-0.00766,+0.01176,-0.05964,+0.00797,+0.00458,-0.01425,+0.00637,+0.01570,-0.00516,-0.00937,-0.01220,-0.00620,-0.05522,+0.01316,+0.00709,-0.03918,+0.00667,+0.02002,+0.00531,+0.08145,+0.00818,+0.00802,+0.00838,-0.02023,-0.01448,+0.01381,+42.92896,+35.72656,+60.43111,+60.98134,+62.93850
32933229974,1,2026-08-26T05:13:43Z,34634d9c3e6f1eeecb8bf658ab13ab42c6eaeb14,schedule,success,98069376450,success,sm4-bitsliced-simd,"sm4-bitsliced-simd,crypto-bigint-scalar",AMD EPYC 7763 64-Core Processor,AMD EPYC 7763 64-Core Processor,ubuntu-24.04,20260816.277.1,6.17.0-1022-azure,rustc 1.97.1 (8bab26f4f 2026-07-14),cargo 1.97.1 (c980f4866 2026-06-30),100000,90,16,,c7f974b4c8646457bedfadd77fdaf7c66a99f2ea9273f45caf0479685f4d9179,935895f7156d9bbccfc1a2e7a2b820e873092e0da03c2a349a1efb39617fdc9a,fe54302382bb15fc03c39170ef24fc1c3c00c44ddeadc5ec480de2d7037bb74c,https://github.com/frankxue831/gm-crypto-rs/actions/runs/32933229974/job/98069376450,+0.01329,+0.00985,+0.00527,-0.00842,-0.01125,+0.01137,-0.01579,-0.01344,-0.00559,+0.00743,-0.20156,-0.25887,-0.25761,-0.20696,-0.20491,+0.00812,+0.03068,+0.03118,+0.02808,+0.01247,-0.00398,-0.00381,-0.00375,+0.00389,+0.00745,-0.00759,-0.01707,-0.00954,-0.01862,-0.01396,+162.89126,+131.15748,+177.33015,+153.23905,+115.78760
32933229974,1,2026-08-26T05:13:43Z,34634d9c3e6f1eeecb8bf658ab13ab42c6eaeb14,schedule,success,98069376589,success,sm4-bitsliced,"sm4-bitsliced,crypto-bigint-scalar",Intel(R) Xeon(R) 6973P-C,Intel(R) Xeon(R) 6973P-C,ubuntu-24.04,20260816.277.1,6.17.0-1022-azure,rustc 1.97.1 (8bab26f4f 2026-07-14),cargo 1.97.1 (c980f4866 2026-06-30),100000,80,14,missing_target:ct_sm4_cbc_decrypt_fanout,c7f974b4c8646457bedfadd77fdaf7c66a99f2ea9273f45caf0479685f4d9179,935895f7156d9bbccfc1a2e7a2b820e873092e0da03c2a349a1efb39617fdc9a,8da7b9a2f2b70243d58e32ba9c72987ea487e022e854eed49e08e505e7208ed4,https://github.com/frankxue831/gm-crypto-rs/actions/runs/32933229974/job/98069376589,-0.02418,-0.02278,+0.00948,-0.01932,-0.00779,-0.00678,-0.02267,-0.02890,-0.01128,-0.00783,-0.01885,-0.02189,-0.01756,-0.01320,-0.02264,-0.03626,-0.14912,-0.14354,+0.00511,-0.01004,+0.00596,+0.00654,+0.00528,-0.01146,+0.00351,,,,,,+63.20447,+50.15562,+53.05154,+45.32300,+62.11871
32933229974,1,2026-08-26T05:13:43Z,34634d9c3e6f1eeecb8bf658ab13ab42c6eaeb14,schedule,success,98069376610,success,"sm4-bitsliced-simd,sm4-aead,sm4-xts,sm2-key-exchange,tlcp","sm4-bitsliced-simd,sm4-aead,sm4-xts,sm2-key-exchange,tlcp,crypto-bigint-scalar",AMD EPYC 7763 64-Core Processor,AMD EPYC 7763 64-Core Processor,ubuntu-24.04,20260816.277.1,6.17.0-1022-azure,rustc 1.97.1 (8bab26f4f 2026-07-14),cargo 1.97.1 (c980f4866 2026-06-30),100000,120,22,,c7f974b4c8646457bedfadd77fdaf7c66a99f2ea9273f45caf0479685f4d9179,935895f7156d9bbccfc1a2e7a2b820e873092e0da03c2a349a1efb39617fdc9a,0aee40d26c2eb7d1dcb1c2775782c5ce26c60e61a5a17acc9cf69d201b378e16,https://github.com/frankxue831/gm-crypto-rs/actions/runs/32933229974/job/98069376610,+0.00654,+0.00659,+0.00625,+0.00948,-0.19407,+0.04783,-0.03470,+0.05212,+0.05140,+0.04951,-0.17589,-0.23737,-0.28479,-0.27378,-0.21474,-0.01168,+0.01265,+0.01918,-0.02347,-0.01451,+0.00222,+0.00493,+0.00251,+0.00479,-0.00417,-0.04394,+0.01642,-0.03713,+0.06956,-0.02370,+159.36732,+161.27559,+178.07873,+180.69056,+167.66815
32933229974,1,2026-08-26T05:13:43Z,34634d9c3e6f1eeecb8bf658ab13ab42c6eaeb14,schedule,success,98069376611,success,default,crypto-bigint-scalar,AMD EPYC 7763 64-Core Processor,AMD EPYC 7763 64-Core Processor,ubuntu-24.04,20260816.277.1,6.17.0-1022-azure,rustc 1.97.1 (8bab26f4f 2026-07-14),cargo 1.97.1 (c980f4866 2026-06-30),100000,80,14,missing_target:ct_sm4_cbc_decrypt_fanout,c7f974b4c8646457bedfadd77fdaf7c66a99f2ea9273f45caf0479685f4d9179,935895f7156d9bbccfc1a2e7a2b820e873092e0da03c2a349a1efb39617fdc9a,e3908fac549b87e7fc1a7d8661fd7454869bf937f930f0cc6658fddf4985761a,https://github.com/frankxue831/gm-crypto-rs/actions/runs/32933229974/job/98069376611,-0.00869,+0.00758,+0.00519,+0.01216,-0.00650,+0.01370,+0.01231,+0.00608,+0.01129,-0.04770,-0.18067,-0.17849,-0.20177,-0.20263,-0.11229,+0.03037,+0.04538,+0.02425,+0.04297,+0.22512,-0.00429,-0.01209,+0.00538,-0.00355,+0.03353,,,,,,+119.82578,+139.23159,+117.24930,+129.12628,+130.56302
33050527486,1,2026-08-27T07:37:55Z,34634d9c3e6f1eeecb8bf658ab13ab42c6eaeb14,schedule,success,98444634516,success,default,crypto-bigint-scalar,AMD EPYC 7763 64-Core Processor,AMD EPYC 7763 64-Core Processor,ubuntu-24.04,20260823.283.1,6.17.0-1022-azure,rustc 1.98.0 (88d9e12ae 2026-08-18),cargo 1.98.0 (797e8a9bc 2026-08-05),100000,80,14,missing_target:ct_sm4_cbc_decrypt_fanout,524d598d45af4da2a481a226e5a0d670fc2095c7238fec10d4735aec4137456b,77f1d40cad69fe0fd25e84a0753a8bfad06886ffbde446df6435d3d1ceb81395,a9494b202555a2f7d1a34a220861a0d02e43c20cd74df88c2bc42973b72db0b5,https://github.com/frankxue831/gm-crypto-rs/actions/runs/33050527486/job/98444634516,-0.00875,-0.00674,-0.00690,-0.00583,-0.00756,-0.01007,+0.00691,-0.00709,+0.00704,+0.00849,-0.11106,-0.24906,-0.11687,-0.11404,-0.21628,+0.26289,+0.01547,+0.03818,+0.03438,-0.02047,-0.00637,+0.00664,-0.00540,-0.00226,-0.00287,,,,,,+156.78217,+128.57917,+152.44962,+145.81336,+146.61718
33050527486,1,2026-08-27T07:37:55Z,34634d9c3e6f1eeecb8bf658ab13ab42c6eaeb14,schedule,success,98444634716,success,"sm4-bitsliced-simd,sm4-aead,sm4-xts,sm2-key-exchange,tlcp","sm4-bitsliced-simd,sm4-aead,sm4-xts,sm2-key-exchange,tlcp,crypto-bigint-scalar",AMD EPYC 9V74 80-Core Processor,AMD EPYC 9V74 80-Core Processor,ubuntu-24.04,20260823.283.1,6.17.0-1022-azure,rustc 1.98.0 (88d9e12ae 2026-08-18),cargo 1.98.0 (797e8a9bc 2026-08-05),100000,120,22,,524d598d45af4da2a481a226e5a0d670fc2095c7238fec10d4735aec4137456b,77f1d40cad69fe0fd25e84a0753a8bfad06886ffbde446df6435d3d1ceb81395,69c7494b34df483cfdeabd6c81c47a23395b06fcc6ff89010fd96e0b70029f63,https://github.com/frankxue831/gm-crypto-rs/actions/runs/33050527486/job/98444634716,+0.15109,-0.34354,-0.36181,+0.04291,-0.17524,+0.04273,-0.29215,+0.01402,-0.14637,-0.28361,-0.16398,-0.16518,-0.18459,-0.17701,-0.22991,+0.02401,-0.01737,-0.00501,+0.05181,-0.00674,-0.00505,-0.00658,-0.01245,-0.00738,+0.07283,+0.32918,+0.09143,+0.06751,+0.35027,+0.06942,+96.84841,+72.77349,+72.87183,+74.96900,+69.68103
33050527486,1,2026-08-27T07:37:55Z,34634d9c3e6f1eeecb8bf658ab13ab42c6eaeb14,schedule,success,98444634721,success,sm4-bitsliced,"sm4-bitsliced,crypto-bigint-scalar",AMD EPYC 9V74 80-Core Processor,AMD EPYC 9V74 80-Core Processor,ubuntu-24.04,20260823.283.1,6.17.0-1022-azure,rustc 1.98.0 (88d9e12ae 2026-08-18),cargo 1.98.0 (797e8a9bc 2026-08-05),100000,80,14,missing_target:ct_sm4_cbc_decrypt_fanout,524d598d45af4da2a481a226e5a0d670fc2095c7238fec10d4735aec4137456b,77f1d40cad69fe0fd25e84a0753a8bfad06886ffbde446df6435d3d1ceb81395,e4aa58aa59020eb815f5ec5462001a754d088d7c345cc2b7f40eb5796273392e,https://github.com/frankxue831/gm-crypto-rs/actions/runs/33050527486/job/98444634721,-0.40619,-0.21419,-0.01484,-0.45350,-0.45825,-0.48222,-0.29489,-0.32754,-0.42107,-0.41754,-0.16123,-0.19332,-0.16006,-0.17619,-0.21709,+0.00828,+0.01699,+0.00574,+0.00911,+0.00775,+0.00465,+0.00711,-0.00378,-0.00634,+0.00661,,,,,,+138.93194,+115.66199,+132.96962,+77.17315,+79.88082
33050527486,1,2026-08-27T07:37:55Z,34634d9c3e6f1eeecb8bf658ab13ab42c6eaeb14,schedule,success,98444634841,success,sm4-bitsliced-simd,"sm4-bitsliced-simd,crypto-bigint-scalar",AMD EPYC 7763 64-Core Processor,AMD EPYC 7763 64-Core Processor,ubuntu-24.04,20260823.283.1,6.17.0-1022-azure,rustc 1.98.0 (88d9e12ae 2026-08-18),cargo 1.98.0 (797e8a9bc 2026-08-05),100000,90,16,,524d598d45af4da2a481a226e5a0d670fc2095c7238fec10d4735aec4137456b,77f1d40cad69fe0fd25e84a0753a8bfad06886ffbde446df6435d3d1ceb81395,6e4a02b808cb52ed8c37d0919fb4beea4eec71b1a909cb0e8fed4df364a0cc4d,https://github.com/frankxue831/gm-crypto-rs/actions/runs/33050527486/job/98444634841,+0.03418,+0.02393,+0.02843,+0.02705,+0.01138,+0.01119,-0.00875,-0.01111,+0.03260,-0.01383,-0.23120,-0.22972,-0.18630,-0.14113,-0.19437,+0.01151,+0.00698,-0.00528,+0.27900,-0.01998,+0.00368,+0.00686,+0.00739,+0.00398,-0.00591,-0.03225,-0.02752,+0.02236,+0.02375,-0.01848,+159.67279,+181.96320,+184.69365,+164.33728,+175.97152
33152327412,1,2026-08-28T07:40:16Z,34634d9c3e6f1eeecb8bf658ab13ab42c6eaeb14,schedule,failure,98786967872,failure,"sm4-bitsliced-simd,sm4-aead,sm4-xts,sm2-key-exchange,tlcp","sm4-bitsliced-simd,sm4-aead,sm4-xts,sm2-key-exchange,tlcp,crypto-bigint-scalar",AMD EPYC 9V74 80-Core Processor,AMD EPYC 9V74 80-Core Processor,ubuntu-24.04,20260823.283.1,6.17.0-1022-azure,rustc 1.98.0 (88d9e12ae 2026-08-18),cargo 1.98.0 (797e8a9bc 2026-08-05),100000,120,22,,a21808bfc5e4ca1d3498437b9cc3437f0b43ee465f29391c6eb897b88bbf8ecc,5809d212d0707e113d1add9b9497222189125527b1585d873d4e80875c5d26d3,664678e8033a781d3ab3faf539e880f774f21530fbbf99c929304df317854de6,https://github.com/frankxue831/gm-crypto-rs/actions/runs/33152327412/job/98786967872,-0.09874,-0.20477,-0.22911,-0.02710,-0.05423,-0.30625,-0.05663,-0.44628,-0.05803,-0.31920,-0.21765,-0.18275,-0.12854,-0.15537,-0.21445,+0.02422,+0.01502,-0.00845,+0.01387,+0.01241,+0.00615,+0.00299,+0.00413,+0.01135,+0.00305,+0.34015,+0.29036,+0.17372,+0.33175,+0.15241,+76.86967,+86.66224,+111.27053,+100.21623,+90.91371
33152327412,1,2026-08-28T07:40:16Z,34634d9c3e6f1eeecb8bf658ab13ab42c6eaeb14,schedule,failure,98786967937,success,default,crypto-bigint-scalar,AMD EPYC 9V74 80-Core Processor,AMD EPYC 9V74 80-Core Processor,ubuntu-24.04,20260823.283.1,6.17.0-1022-azure,rustc 1.98.0 (88d9e12ae 2026-08-18),cargo 1.98.0 (797e8a9bc 2026-08-05),100000,80,14,missing_target:ct_sm4_cbc_decrypt_fanout,a21808bfc5e4ca1d3498437b9cc3437f0b43ee465f29391c6eb897b88bbf8ecc,5809d212d0707e113d1add9b9497222189125527b1585d873d4e80875c5d26d3,5fc82e239505ee26b4880abf44375a28695fa74bb95d8d1d9f3baca6fdcc42e8,https://github.com/frankxue831/gm-crypto-rs/actions/runs/33152327412/job/98786967937,-0.16944,-0.27483,-0.45631,+0.03252,-0.19155,-0.06397,-0.54603,+0.10323,-0.83964,-0.22112,-0.24398,-0.20972,-0.15788,-0.14796,-0.22087,-0.03598,+0.01200,+0.02319,-0.00666,+0.01341,-0.01155,+0.00340,-0.00559,-0.00535,+0.00849,,,,,,+76.75625,+106.84245,+94.55109,+128.47581,+77.87978
33152327412,1,2026-08-28T07:40:16Z,34634d9c3e6f1eeecb8bf658ab13ab42c6eaeb14,schedule,failure,98786967957,success,sm4-bitsliced,"sm4-bitsliced,crypto-bigint-scalar",AMD EPYC 7763 64-Core Processor,AMD EPYC 7763 64-Core Processor,ubuntu-24.04,20260823.283.1,6.17.0-1022-azure,rustc 1.98.0 (88d9e12ae 2026-08-18),cargo 1.98.0 (797e8a9bc 2026-08-05),100000,80,14,missing_target:ct_sm4_cbc_decrypt_fanout,a21808bfc5e4ca1d3498437b9cc3437f0b43ee465f29391c6eb897b88bbf8ecc,5809d212d0707e113d1add9b9497222189125527b1585d873d4e80875c5d26d3,095379aa8ed052711b02e06baeb8fc2f479c949b17a3262ee7d9bd523781456c,https://github.com/frankxue831/gm-crypto-rs/actions/runs/33152327412/job/98786967957,+0.00558,-0.00972,-0.00850,+0.00654,-0.00974,+0.02604,+0.00790,-0.03438,+0.01563,-0.01088,-0.26124,-0.21056,-0.18827,-0.26302,-0.19050,+0.00936,+0.21152,+0.02446,+0.00992,+0.00648,-0.00322,+0.00581,+0.00805,-0.00487,-0.00392,,,,,,+149.51600,+152.68391,+158.49069,+147.72498,+158.91659
33152327412,1,2026-08-28T07:40:16Z,34634d9c3e6f1eeecb8bf658ab13ab42c6eaeb14,schedule,failure,98786968021,success,sm4-bitsliced-simd,"sm4-bitsliced-simd,crypto-bigint-scalar",AMD EPYC 9V74 80-Core Processor,AMD EPYC 9V74 80-Core Processor,ubuntu-24.04,20260823.283.1,6.17.0-1022-azure,rustc 1.98.0 (88d9e12ae 2026-08-18),cargo 1.98.0 (797e8a9bc 2026-08-05),100000,90,16,,a21808bfc5e4ca1d3498437b9cc3437f0b43ee465f29391c6eb897b88bbf8ecc,5809d212d0707e113d1add9b9497222189125527b1585d873d4e80875c5d26d3,519939417fdc25ef8f92c29212e786eaaed6c067bb494cc602c80cf8a8395dba,https://github.com/frankxue831/gm-crypto-rs/actions/runs/33152327412/job/98786968021,+0.09438,-0.28954,+0.00724,-0.43243,-0.45418,-0.38144,-0.33047,-0.45633,-0.45222,-0.18146,-0.14751,-0.15379,-0.14977,-0.17978,-0.16200,+0.01414,+0.02145,+0.01159,+0.02041,+0.01928,-0.00138,+0.00283,-0.00498,+0.00585,+0.01177,-0.01831,+0.05839,-0.41656,-0.20081,-0.16632,+144.25102,+135.38811,+138.79853,+74.48793,+106.69883
33235673286,1,2026-08-29T05:13:53Z,34634d9c3e6f1eeecb8bf658ab13ab42c6eaeb14,schedule,success,99056115170,success,"sm4-bitsliced-simd,sm4-aead,sm4-xts,sm2-key-exchange,tlcp","sm4-bitsliced-simd,sm4-aead,sm4-xts,sm2-key-exchange,tlcp,crypto-bigint-scalar",AMD EPYC 7763 64-Core Processor,AMD EPYC 7763 64-Core Processor,ubuntu-24.04,20260823.283.1,6.17.0-1022-azure,rustc 1.98.0 (88d9e12ae 2026-08-18),cargo 1.98.0 (797e8a9bc 2026-08-05),100000,120,22,,5697dd88a5de23dd2c9935b9a29813a540e771c3fc598bb0064b91e3d3ad231a,20b65da56a5e52e0cdeaef574cfa0f73dc376421bb993dc8a9329c8beb2a42d6,9853b87400e05b583d222a383d62e0940d0131c684c475f93bca19f91141510a,https://github.com/frankxue831/gm-crypto-rs/actions/runs/33235673286/job/99056115170,+0.00867,+0.01853,+0.00476,-0.11479,+0.01004,-0.06560,-0.04340,-0.08811,-0.07342,-0.07318,-0.17505,-0.16896,-0.11987,-0.17045,-0.47142,+0.00510,-0.01305,+0.02669,-0.00963,+0.06889,-0.00603,+0.00590,+0.01120,-0.00383,+0.00609,+0.00927,+0.05026,+0.02990,+0.03503,-0.00851,+129.37717,+158.74152,+147.21268,+159.57666,+122.26155
33235673286,1,2026-08-29T05:13:53Z,34634d9c3e6f1eeecb8bf658ab13ab42c6eaeb14,schedule,success,99056115266,success,default,crypto-bigint-scalar,AMD EPYC 7763 64-Core Processor,AMD EPYC 7763 64-Core Processor,ubuntu-24.04,20260823.283.1,6.17.0-1022-azure,rustc 1.98.0 (88d9e12ae 2026-08-18),cargo 1.98.0 (797e8a9bc 2026-08-05),100000,80,14,missing_target:ct_sm4_cbc_decrypt_fanout,5697dd88a5de23dd2c9935b9a29813a540e771c3fc598bb0064b91e3d3ad231a,20b65da56a5e52e0cdeaef574cfa0f73dc376421bb993dc8a9329c8beb2a42d6,0f08f4a9c87726dd5e4c4b20d1a7d8a3ae1d043bba9c0a379104b99c57c40cc9,https://github.com/frankxue831/gm-crypto-rs/actions/runs/33235673286/job/99056115266,+0.00532,+0.00771,-0.02352,+0.00712,+0.00532,-0.07897,+0.00621,-0.02482,-0.11452,+0.07710,+0.25139,+0.19302,+0.18786,+0.23803,-0.05009,-0.00866,-0.00846,+0.18901,-0.00605,+0.28505,-0.02688,+0.00522,+0.02423,-0.00487,-0.00493,,,,,,+48.35590,+138.57240,+127.76743,+145.29173,+129.15316
33235673286,1,2026-08-29T05:13:53Z,34634d9c3e6f1eeecb8bf658ab13ab42c6eaeb14,schedule,success,99056115267,success,sm4-bitsliced-simd,"sm4-bitsliced-simd,crypto-bigint-scalar",AMD EPYC 9V74 80-Core Processor,AMD EPYC 9V74 80-Core Processor,ubuntu-24.04,20260823.283.1,6.17.0-1022-azure,rustc 1.98.0 (88d9e12ae 2026-08-18),cargo 1.98.0 (797e8a9bc 2026-08-05),100000,90,16,,5697dd88a5de23dd2c9935b9a29813a540e771c3fc598bb0064b91e3d3ad231a,20b65da56a5e52e0cdeaef574cfa0f73dc376421bb993dc8a9329c8beb2a42d6,a54dad456f61b5f24789e5ca1e713de850bbb5edcd6619043f4f984c04646d6d,https://github.com/frankxue831/gm-crypto-rs/actions/runs/33235673286/job/99056115267,-0.14222,-0.42312,-0.15282,-0.18469,-0.33239,-0.31472,-0.37667,-0.18007,+0.21460,-0.16999,-0.20006,-0.18576,-0.16108,-0.15147,-0.14942,-0.02071,-0.00587,+0.00966,+0.01394,+0.00454,+0.00188,-0.00811,-0.00550,+0.00330,+0.00588,-0.14378,-0.02013,+0.01957,+0.03550,-0.05990,+73.14475,+70.40099,+68.81533,+107.01835,+107.13735
33235673286,1,2026-08-29T05:13:53Z,34634d9c3e6f1eeecb8bf658ab13ab42c6eaeb14,schedule,success,99056115311,success,sm4-bitsliced,"sm4-bitsliced,crypto-bigint-scalar",AMD EPYC 9V74 80-Core Processor,AMD EPYC 9V74 80-Core Processor,ubuntu-24.04,20260823.283.1,6.17.0-1022-azure,rustc 1.98.0 (88d9e12ae 2026-08-18),cargo 1.98.0 (797e8a9bc 2026-08-05),100000,80,14,missing_target:ct_sm4_cbc_decrypt_fanout,5697dd88a5de23dd2c9935b9a29813a540e771c3fc598bb0064b91e3d3ad231a,20b65da56a5e52e0cdeaef574cfa0f73dc376421bb993dc8a9329c8beb2a42d6,ce7bb716c2fd232d9dfdf06e6f68156396277137e6ce948568b6a0bcf9adb352,https://github.com/frankxue831/gm-crypto-rs/actions/runs/33235673286/job/99056115311,-0.25825,-0.33847,-0.13002,-0.37735,+0.14607,-0.58732,-0.29236,+0.22650,-0.31294,-0.77267,-0.16655,-0.17236,-0.16168,-0.18189,-0.14744,+0.00623,+0.02451,+0.01793,-0.00955,+0.02091,-0.01261,+0.00643,-0.00790,-0.00609,+0.00184,,,,,,+89.16932,+90.33774,+86.65858,+79.97544,+87.54439
33294258359,1,2026-08-30T05:14:37Z,34634d9c3e6f1eeecb8bf658ab13ab42c6eaeb14,schedule,success,99211104580,success,sm4-bitsliced,"sm4-bitsliced,crypto-bigint-scalar",AMD EPYC 7763 64-Core Processor,AMD EPYC 7763 64-Core Processor,ubuntu-24.04,20260823.283.1,6.17.0-1022-azure,rustc 1.98.0 (88d9e12ae 2026-08-18),cargo 1.98.0 (797e8a9bc 2026-08-05),100000,80,14,missing_target:ct_sm4_cbc_decrypt_fanout,338e1397ed7dfd8f81e1ce694a5eb2492dd369d4f79b9fd47fc0b33c4183a602,5e16fb67dc869964a50c0c0c6c6d3d0e6fb4452829b2fb06686874c8ca61033e,6fa3ff7f18f02090ef04732733ddff388e157831c0e3e8f52f02864f2804fa2b,https://github.com/frankxue831/gm-crypto-rs/actions/runs/33294258359/job/99211104580,-0.00762,+0.00633,-0.00604,-0.01034,-0.00840,+0.02550,-0.01389,-0.01027,+0.01844,+0.01651,-0.23675,-0.17981,-0.23424,-0.27273,-0.24475,+0.01783,+0.01015,-0.01118,+0.01314,+0.00886,-0.00915,-0.00306,-0.00547,-0.00485,+0.00684,,,,,,+115.89343,+160.45623,+127.94853,+151.18314,+118.86206
33294258359,1,2026-08-30T05:14:37Z,34634d9c3e6f1eeecb8bf658ab13ab42c6eaeb14,schedule,success,99211104653,success,default,crypto-bigint-scalar,AMD EPYC 9V74 80-Core Processor,AMD EPYC 9V74 80-Core Processor,ubuntu-24.04,20260823.283.1,6.17.0-1022-azure,rustc 1.98.0 (88d9e12ae 2026-08-18),cargo 1.98.0 (797e8a9bc 2026-08-05),100000,80,14,missing_target:ct_sm4_cbc_decrypt_fanout,338e1397ed7dfd8f81e1ce694a5eb2492dd369d4f79b9fd47fc0b33c4183a602,5e16fb67dc869964a50c0c0c6c6d3d0e6fb4452829b2fb06686874c8ca61033e,4c0e7e2b15b6e089c1ea3401879fb4e113f945edcd96ac66c0b91312a6d1a0a6,https://github.com/frankxue831/gm-crypto-rs/actions/runs/33294258359/job/99211104653,-0.08611,-0.27445,-0.22552,-0.36539,-0.42301,+0.03428,-0.31912,-0.53385,-0.42131,-0.08933,-0.17663,-0.07340,-0.14537,-0.16586,-0.16954,-0.00938,+0.01352,+0.01974,-0.00667,+0.01157,+0.00634,+0.00499,-0.00232,-0.00289,+0.00222,,,,,,+69.18058,+77.03240,+130.02788,+77.17487,+78.97426
33294258359,1,2026-08-30T05:14:37Z,34634d9c3e6f1eeecb8bf658ab13ab42c6eaeb14,schedule,success,99211104658,success,"sm4-bitsliced-simd,sm4-aead,sm4-xts,sm2-key-exchange,tlcp","sm4-bitsliced-simd,sm4-aead,sm4-xts,sm2-key-exchange,tlcp,crypto-bigint-scalar",Intel(R) Xeon(R) 6973P-C,Intel(R) Xeon(R) 6973P-C,ubuntu-24.04,20260823.283.1,6.17.0-1022-azure,rustc 1.98.0 (88d9e12ae 2026-08-18),cargo 1.98.0 (797e8a9bc 2026-08-05),100000,120,22,,338e1397ed7dfd8f81e1ce694a5eb2492dd369d4f79b9fd47fc0b33c4183a602,5e16fb67dc869964a50c0c0c6c6d3d0e6fb4452829b2fb06686874c8ca61033e,ebd495d47de3281a5622647f53b3a32a311d1b1cc6b4dc0b60470515782d744a,https://github.com/frankxue831/gm-crypto-rs/actions/runs/33294258359/job/99211104658,-0.00964,+0.00526,-0.04421,-0.00724,+0.02482,+0.00954,-0.00531,-0.00542,-0.01002,-0.01354,-0.02038,-0.01890,-0.01698,-0.03342,-0.01668,+0.07612,-0.00934,-0.00711,+0.00843,-0.00933,-0.00751,+0.03419,-0.00309,-0.01027,+0.06199,+0.00987,+0.01165,+0.01889,+0.01310,+0.01226,+56.98291,+52.87433,+59.90587,+54.85113,+59.20677
33294258359,1,2026-08-30T05:14:37Z,34634d9c3e6f1eeecb8bf658ab13ab42c6eaeb14,schedule,success,99211104677,success,sm4-bitsliced-simd,"sm4-bitsliced-simd,crypto-bigint-scalar",AMD EPYC 9V74 80-Core Processor,AMD EPYC 9V74 80-Core Processor,ubuntu-24.04,20260823.283.1,6.17.0-1022-azure,rustc 1.98.0 (88d9e12ae 2026-08-18),cargo 1.98.0 (797e8a9bc 2026-08-05),100000,90,16,,338e1397ed7dfd8f81e1ce694a5eb2492dd369d4f79b9fd47fc0b33c4183a602,5e16fb67dc869964a50c0c0c6c6d3d0e6fb4452829b2fb06686874c8ca61033e,74aa52eaf9eae10568647d7026ce73868a3e76c75699986c78053d886d94cfb1,https://github.com/frankxue831/gm-crypto-rs/actions/runs/33294258359/job/99211104677,+0.03633,-0.47593,-0.45899,-0.47429,-0.33450,-0.15303,-0.22752,+0.11669,-0.11654,-0.44357,-0.24375,-0.16371,-0.18043,-0.15941,-0.19377,+0.00585,+0.01380,+0.01594,+0.03238,+0.01027,-0.00490,-0.00438,+0.00516,+0.01248,+0.00493,-0.03245,+0.03138,-0.04094,+0.06708,+0.05670,+64.99245,+93.62402,+72.02879,+71.16973,+69.87434
33359969441,1,2026-08-31T05:16:47Z,34634d9c3e6f1eeecb8bf658ab13ab42c6eaeb14,schedule,success,99389286702,success,sm4-bitsliced-simd,"sm4-bitsliced-simd,crypto-bigint-scalar",AMD EPYC 9V74 80-Core Processor,AMD EPYC 9V74 80-Core Processor,ubuntu-24.04,20260823.283.1,6.17.0-1022-azure,rustc 1.98.0 (88d9e12ae 2026-08-18),cargo 1.98.0 (797e8a9bc 2026-08-05),100000,90,16,,264db3e5c443f7ed5c40386d806c5edccb89ff689d8c86a0b79ab71e047441c4,80be81bd154de81267a1d9aa30b807d53819fa5a859c7fcde86d5826641bfd78,01431219b51e3e6843c78fd21ca43398780f9e8c252285cdff36c333ed0536cf,https://github.com/frankxue831/gm-crypto-rs/actions/runs/33359969441/job/99389286702,-0.28394,-0.33954,-0.01179,+0.02455,-0.28784,-0.32849,-0.29203,-0.38370,+0.07492,-0.04772,-0.21392,-0.15814,-0.17920,-0.14969,-0.16307,+0.01351,+0.03433,+0.00470,+0.02062,-0.01892,+0.00628,+0.00447,+0.00285,-0.01054,+0.00266,-0.03095,-0.09124,+0.19844,+0.10014,-0.07255,+68.26458,+121.81264,+79.01602,+103.83019,+72.65886
33359969441,1,2026-08-31T05:16:47Z,34634d9c3e6f1eeecb8bf658ab13ab42c6eaeb14,schedule,success,99389286864,success,"sm4-bitsliced-simd,sm4-aead,sm4-xts,sm2-key-exchange,tlcp","sm4-bitsliced-simd,sm4-aead,sm4-xts,sm2-key-exchange,tlcp,crypto-bigint-scalar",AMD EPYC 7763 64-Core Processor,AMD EPYC 7763 64-Core Processor,ubuntu-24.04,20260823.283.1,6.17.0-1022-azure,rustc 1.98.0 (88d9e12ae 2026-08-18),cargo 1.98.0 (797e8a9bc 2026-08-05),100000,120,22,,264db3e5c443f7ed5c40386d806c5edccb89ff689d8c86a0b79ab71e047441c4,80be81bd154de81267a1d9aa30b807d53819fa5a859c7fcde86d5826641bfd78,220f7bd42cb379d94dbe90c6b5527786165fd875d0683accbe7bd77f4fbf4760,https://github.com/frankxue831/gm-crypto-rs/actions/runs/33359969441/job/99389286864,+0.00638,-0.01473,-0.00759,+0.01156,+0.00703,-0.08937,+0.11160,+0.08077,-0.04495,-0.02521,-0.11855,-0.22904,-0.31163,-0.15897,-0.32007,+0.07208,-0.04033,-0.00667,-0.00823,+0.00448,-0.01679,-0.02278,-0.00500,+0.00542,-0.00316,-0.03517,+0.00893,-0.01377,+0.01791,+0.02120,+120.30845,+157.67023,+152.97226,+142.05598,+156.00631
33359969441,1,2026-08-31T05:16:47Z,34634d9c3e6f1eeecb8bf658ab13ab42c6eaeb14,schedule,success,99389286887,success,sm4-bitsliced,"sm4-bitsliced,crypto-bigint-scalar",AMD EPYC 9V74 80-Core Processor,AMD EPYC 9V74 80-Core Processor,ubuntu-24.04,20260823.283.1,6.17.0-1022-azure,rustc 1.98.0 (88d9e12ae 2026-08-18),cargo 1.98.0 (797e8a9bc 2026-08-05),100000,80,14,missing_target:ct_sm4_cbc_decrypt_fanout,264db3e5c443f7ed5c40386d806c5edccb89ff689d8c86a0b79ab71e047441c4,80be81bd154de81267a1d9aa30b807d53819fa5a859c7fcde86d5826641bfd78,d29831c08aa6a169d6f87aa9528ae8609cfd9ea37645ce8143831f888c670bec,https://github.com/frankxue831/gm-crypto-rs/actions/runs/33359969441/job/99389286887,-0.18517,-0.37964,+0.06424,-0.14464,-0.43423,-0.25398,-0.04113,-0.35401,-0.66662,-0.13388,-0.22733,-0.17521,-0.19949,-0.16686,-0.17933,-0.01230,-0.01306,+0.00615,+0.02058,-0.00849,-0.00489,+0.00259,-0.00518,+0.00740,-0.00211,,,,,,+79.79327,+72.10629,+80.96662,+87.56657,+78.47247
33359969441,1,2026-08-31T05:16:47Z,34634d9c3e6f1eeecb8bf658ab13ab42c6eaeb14,schedule,success,99389286964,success,default,crypto-bigint-scalar,INTEL(R) XEON(R) PLATINUM 8573C,INTEL(R) XEON(R) PLATINUM 8573C,ubuntu-24.04,20260823.283.1,6.17.0-1022-azure,rustc 1.98.0 (88d9e12ae 2026-08-18),cargo 1.98.0 (797e8a9bc 2026-08-05),100000,80,14,missing_target:ct_sm4_cbc_decrypt_fanout,264db3e5c443f7ed5c40386d806c5edccb89ff689d8c86a0b79ab71e047441c4,80be81bd154de81267a1d9aa30b807d53819fa5a859c7fcde86d5826641bfd78,53ddaf8831ee4f0f59f826d0b2dff7ab53d3ac5a6a3cfe9a28f01c3ba9cf6a39,https://github.com/frankxue831/gm-crypto-rs/actions/runs/33359969441/job/99389286964,+0.01471,+0.01304,-0.00600,+0.00771,+0.00621,-0.00621,+0.00653,-0.06472,-0.00519,-0.00552,-0.03594,-0.03371,-0.03196,-0.03610,-0.03530,-0.00683,-0.01211,-0.06139,-0.01141,+0.01046,-0.00681,+0.00676,+0.02323,-0.00559,-0.01781,,,,,,+62.15481,+55.11165,+50.23135,+54.77217,+51.66155
33472982834,1,2026-09-01T05:16:46Z,4d18e90591ff7764b1adf8dfbc475eb1019ddb8b,schedule,success,99746347253,success,sm4-bitsliced,"sm4-bitsliced,crypto-bigint-scalar",AMD EPYC 9V74 80-Core Processor,AMD EPYC 9V74 80-Core Processor,ubuntu-24.04,20260823.283.1,6.17.0-1022-azure,rustc 1.98.0 (88d9e12ae 2026-08-18),cargo 1.98.0 (797e8a9bc 2026-08-05),100000,80,14,missing_target:ct_sm4_cbc_decrypt_fanout,75f47cdf87e347f6d393b8431e5bb469fd7a6af6342c70df77cf37c0babea0b1,2b01b40437ee9d1e07d741a26e4078e104ce2b5c957d9584c1ba43bd004f8769,2bd027e2c9aad27ec6d085ceb43e25b7b6f396a3aa2d355c1f7df66e4e2880f5,https://github.com/frankxue831/gm-crypto-rs/actions/runs/33472982834/job/99746347253,-0.30781,-0.23822,-0.19896,-0.05330,-0.44188,-0.36217,-0.35231,-0.33536,+0.14912,+0.04881,-0.18589,-0.23228,-0.21918,-0.17733,-0.16797,-0.00428,+0.02228,-0.00845,-0.01253,-0.00784,+0.01253,+0.00413,-0.00144,+0.00908,-0.00535,,,,,,+83.07543,+80.59053,+79.42022,+78.68246,+84.07411
33472982834,1,2026-09-01T05:16:46Z,4d18e90591ff7764b1adf8dfbc475eb1019ddb8b,schedule,success,99746347498,success,"sm4-bitsliced-simd,sm4-aead,sm4-xts,sm2-key-exchange,tlcp","sm4-bitsliced-simd,sm4-aead,sm4-xts,sm2-key-exchange,tlcp,crypto-bigint-scalar",AMD EPYC 7763 64-Core Processor,AMD EPYC 7763 64-Core Processor,ubuntu-24.04,20260823.283.1,6.17.0-1022-azure,rustc 1.98.0 (88d9e12ae 2026-08-18),cargo 1.98.0 (797e8a9bc 2026-08-05),100000,120,22,,75f47cdf87e347f6d393b8431e5bb469fd7a6af6342c70df77cf37c0babea0b1,2b01b40437ee9d1e07d741a26e4078e104ce2b5c957d9584c1ba43bd004f8769,c3b83f9b3fc3f1a5ebcd373315aadcf97b51bd30362956e67b46a10955f02a63,https://github.com/frankxue831/gm-crypto-rs/actions/runs/33472982834/job/99746347498,-0.01168,-0.00913,-0.00646,-0.00868,+0.01483,-0.04849,+0.19624,+0.08040,-0.11948,-0.04769,-0.16120,-0.20979,-0.15975,-0.46658,-0.19032,-0.01227,-0.00650,-0.00699,+0.04110,-0.01197,+0.01372,+0.00437,+0.00262,-0.00453,-0.01768,+0.01810,-0.00779,+0.02398,-0.00681,-0.01385,+151.89153,+128.04549,+113.96705,+150.27274,+160.49537
33472982834,1,2026-09-01T05:16:46Z,4d18e90591ff7764b1adf8dfbc475eb1019ddb8b,schedule,success,99746347503,success,sm4-bitsliced-simd,"sm4-bitsliced-simd,crypto-bigint-scalar",AMD EPYC 9V45 96-Core Processor,AMD EPYC 9V45 96-Core Processor,ubuntu-24.04,20260823.283.1,6.17.0-1022-azure,rustc 1.98.0 (88d9e12ae 2026-08-18),cargo 1.98.0 (797e8a9bc 2026-08-05),100000,90,16,,75f47cdf87e347f6d393b8431e5bb469fd7a6af6342c70df77cf37c0babea0b1,2b01b40437ee9d1e07d741a26e4078e104ce2b5c957d9584c1ba43bd004f8769,3c8f92833d4512d17c59b2401a140ef55a7f665cf27c0347cb2858a584a1e041,https://github.com/frankxue831/gm-crypto-rs/actions/runs/33472982834/job/99746347503,-0.00982,-0.00787,-0.00870,-0.01470,-0.01542,-0.01165,+0.00966,-0.02767,+0.08067,+0.03276,-0.42419,-0.18958,-0.28523,-0.17478,-0.19484,-0.00928,+0.03048,-0.00794,+0.01202,+0.00785,+0.00394,+0.01089,-0.00324,+0.00977,-0.00496,+0.01465,-0.03053,+0.00854,-0.00848,+0.00971,+208.93952,+1493.59243,+1022.45240,+286.17668,+455.21528
33472982834,1,2026-09-01T05:16:46Z,4d18e90591ff7764b1adf8dfbc475eb1019ddb8b,schedule,success,99746347551,success,default,crypto-bigint-scalar,Intel(R) Xeon(R) 6973P-C,Intel(R) Xeon(R) 6973P-C,ubuntu-24.04,20260823.283.1,6.17.0-1022-azure,rustc 1.98.0 (88d9e12ae 2026-08-18),cargo 1.98.0 (797e8a9bc 2026-08-05),100000,80,14,missing_target:ct_sm4_cbc_decrypt_fanout,75f47cdf87e347f6d393b8431e5bb469fd7a6af6342c70df77cf37c0babea0b1,2b01b40437ee9d1e07d741a26e4078e104ce2b5c957d9584c1ba43bd004f8769,bf73902740c9129341197cbf8751960c5c05bf11ecdcf007a1068eee152a3fc4,https://github.com/frankxue831/gm-crypto-rs/actions/runs/33472982834/job/99746347551,-0.00594,-0.01896,-0.01004,+0.03143,-0.00726,-0.02180,-0.00751,-0.02552,+0.00868,+0.01047,-0.03425,-0.02705,-0.02653,-0.03537,-0.02832,-0.11068,+0.00496,-0.10963,+0.00708,-0.00825,-0.04115,+0.00429,-0.05983,+0.00740,+0.00641,,,,,,+53.40126,+64.61302,+62.72393,+55.33706,+56.50456
33521925862,1,2026-09-01T14:50:00Z,df0c37951d11eaf895148b46100027907d4f6eb5,workflow_dispatch,success,99903084319,success,sm4-bitsliced,"sm4-bitsliced,crypto-bigint-scalar",INTEL(R) XEON(R) PLATINUM 8573C,INTEL(R) XEON(R) PLATINUM 8573C,ubuntu-24.04,20260823.283.1,6.17.0-1022-azure,rustc 1.98.0 (88d9e12ae 2026-08-18),cargo 1.98.0 (797e8a9bc 2026-08-05),100000,80,14,missing_target:ct_sm4_cbc_decrypt_fanout,f13064fe8bda388547053a85538ff693e50a86d08e13ac99284d26c86ebe931b,4d9c240143337db7f4089f27071af5c8c4a3c1124d1b7af38b50fc9210773bd1,7af0cff852727df33ccb675a3af43610af2af392831f05e3f537398659b2a40c,https://github.com/frankxue831/gm-crypto-rs/actions/runs/33521925862/job/99903084319,-0.00409,+0.01947,-0.00573,+0.01541,-0.00766,+0.01096,-0.00601,-0.04492,-0.01992,-0.00784,-0.01678,-0.02076,-0.01497,-0.03354,-0.01485,+0.01883,+0.00968,-0.02436,+0.06415,+0.02613,-0.01464,+0.01649,+0.00785,+0.00431,-0.01309,,,,,,+57.59401,+61.88573,+50.32917,+63.28615,+65.11563
33521925862,1,2026-09-01T14:50:00Z,df0c37951d11eaf895148b46100027907d4f6eb5,workflow_dispatch,success,99903084697,success,sm4-bitsliced-simd,"sm4-bitsliced-simd,crypto-bigint-scalar",AMD EPYC 7763 64-Core Processor,AMD EPYC 7763 64-Core Processor,ubuntu-24.04,20260823.283.1,6.17.0-1022-azure,rustc 1.98.0 (88d9e12ae 2026-08-18),cargo 1.98.0 (797e8a9bc 2026-08-05),100000,90,16,,f13064fe8bda388547053a85538ff693e50a86d08e13ac99284d26c86ebe931b,4d9c240143337db7f4089f27071af5c8c4a3c1124d1b7af38b50fc9210773bd1,b683c3b97514434929849b21fe33d9aeae16b80b21c3480cd86d703265591c72,https://github.com/frankxue831/gm-crypto-rs/actions/runs/33521925862/job/99903084697,-0.02224,-0.01541,-0.00471,-0.01198,-0.01130,-0.01671,+0.07150,-0.03337,-0.02134,-0.02844,-0.11764,-0.18233,-0.24201,-0.26233,-0.24311,+0.29253,+0.02155,-0.01171,-0.00927,+0.00629,+0.00574,-0.02024,+0.00974,+0.00690,+0.00561,+0.00809,-0.00619,-0.12523,-0.00674,-0.08979,+114.54214,+144.72742,+106.95238,+140.08574,+117.32180
33521925862,1,2026-09-01T14:50:00Z,df0c37951d11eaf895148b46100027907d4f6eb5,workflow_dispatch,success,99903084856,success,"sm4-bitsliced-simd,sm4-aead,sm4-xts,sm2-key-exchange,tlcp","sm4-bitsliced-simd,sm4-aead,sm4-xts,sm2-key-exchange,tlcp,crypto-bigint-scalar",INTEL(R) XEON(R) PLATINUM 8573C,INTEL(R) XEON(R) PLATINUM 8573C,ubuntu-24.04,20260823.283.1,6.17.0-1022-azure,rustc 1.98.0 (88d9e12ae 2026-08-18),cargo 1.98.0 (797e8a9bc 2026-08-05),100000,120,22,,f13064fe8bda388547053a85538ff693e50a86d08e13ac99284d26c86ebe931b,4d9c240143337db7f4089f27071af5c8c4a3c1124d1b7af38b50fc9210773bd1,14319ab85abac4ad5ce65cf909e4a96ed4aa997ef1479aeaf9cbf35201662aad,https://github.com/frankxue831/gm-crypto-rs/actions/runs/33521925862/job/99903084856,+0.00874,-0.00555,-0.01962,-0.01032,-0.01234,-0.04277,-0.05488,-0.04831,+0.04410,-0.04855,-0.03445,-0.04247,-0.03062,-0.03237,-0.03041,-0.09774,-0.10337,-0.10487,+0.09284,-0.09232,-0.00542,+0.00672,+0.00640,+0.00411,+0.00408,+0.04849,+0.07663,+0.07232,+0.05577,+0.11414,+66.81345,+63.32308,+64.12450,+60.64194,+55.76250
33521925862,1,2026-09-01T14:50:00Z,df0c37951d11eaf895148b46100027907d4f6eb5,workflow_dispatch,success,99903084876,success,default,crypto-bigint-scalar,AMD EPYC 9V74 80-Core Processor,AMD EPYC 9V74 80-Core Processor,ubuntu-24.04,20260823.283.1,6.17.0-1022-azure,rustc 1.98.0 (88d9e12ae 2026-08-18),cargo 1.98.0 (797e8a9bc 2026-08-05),100000,80,14,missing_target:ct_sm4_cbc_decrypt_fanout,f13064fe8bda388547053a85538ff693e50a86d08e13ac99284d26c86ebe931b,4d9c240143337db7f4089f27071af5c8c4a3c1124d1b7af38b50fc9210773bd1,1d8584eb2621ac5922c10c7918bb5706e7aa5570fdd71393bb5b75a37e2eb124,https://github.com/frankxue831/gm-crypto-rs/actions/runs/33521925862/job/99903084876,-0.39641,+0.00947,-0.02689,-0.40652,-0.19318,-0.40729,-0.08609,-0.15624,-0.11770,-0.04970,-0.17501,-0.16983,-0.13732,-0.16277,-0.17072,-0.00578,+0.02138,+0.00855,-0.00626,+0.00762,+0.00713,+0.00815,+0.01312,-0.00309,+0.00429,,,,,,+77.60572,+76.73342,+119.21111,+102.18499,+78.30110
33593997898,1,2026-09-02T05:15:59Z,726432074a9108b763bb72fc8bf455b7a0295543,schedule,success,100133601099,success,sm4-bitsliced-simd,"sm4-bitsliced-simd,crypto-bigint-scalar",AMD EPYC 7763 64-Core Processor,AMD EPYC 7763 64-Core Processor,ubuntu-24.04,20260823.283.1,6.17.0-1022-azure,rustc 1.98.0 (88d9e12ae 2026-08-18),cargo 1.98.0 (797e8a9bc 2026-08-05),100000,90,16,,41e4584e38ade67108a74deb982ad77047e85c983bc8fe1f10d3556803cba280,fbb1a0001c7a3c7e3f5390a9438e76c8f50381f10b763fcea4901e2beb4b12e6,7abf82cd941d4112a78a1073770259df5c0e86880d268b857a79ca3988eb86d7,https://github.com/frankxue831/gm-crypto-rs/actions/runs/33593997898/job/100133601099,-0.01037,+0.01015,+0.00463,-0.00875,-0.00509,-0.06116,+0.04566,+0.06127,-0.02937,+0.03738,-0.22028,-0.12892,-0.09632,-0.11111,-0.22588,+0.00725,+0.01962,-0.09574,+0.30775,-0.01261,-0.00750,+0.00465,-0.00618,+0.00434,-0.01137,-0.00569,+0.00374,-0.01772,-0.00553,+0.00830,+129.63900,+120.91221,+125.46439,+121.38839,+127.46763
33593997898,1,2026-09-02T05:15:59Z,726432074a9108b763bb72fc8bf455b7a0295543,schedule,success,100133601256,success,default,crypto-bigint-scalar,AMD EPYC 9V74 80-Core Processor,AMD EPYC 9V74 80-Core Processor,ubuntu-24.04,20260823.283.1,6.17.0-1022-azure,rustc 1.98.0 (88d9e12ae 2026-08-18),cargo 1.98.0 (797e8a9bc 2026-08-05),100000,80,14,missing_target:ct_sm4_cbc_decrypt_fanout,41e4584e38ade67108a74deb982ad77047e85c983bc8fe1f10d3556803cba280,fbb1a0001c7a3c7e3f5390a9438e76c8f50381f10b763fcea4901e2beb4b12e6,183e35b5ddb717a9d5bd6b935d08ca79a82da966977ad3c5f4e5a0f18ee25e55,https://github.com/frankxue831/gm-crypto-rs/actions/runs/33593997898/job/100133601256,-0.25225,-0.29969,-0.05463,-0.33230,+0.03834,+0.05822,-0.44833,-0.38847,-0.09404,-0.63261,-0.16491,-0.11538,-0.17271,-0.15938,-0.14809,+0.00883,+0.00678,+0.00783,+0.02111,-0.03197,+0.00527,+0.00635,+0.01300,-0.00536,-0.00890,,,,,,+101.78216,+80.18623,+104.34060,+117.58880,+115.60891
33593997898,1,2026-09-02T05:15:59Z,726432074a9108b763bb72fc8bf455b7a0295543,schedule,success,100133601274,success,sm4-bitsliced,"sm4-bitsliced,crypto-bigint-scalar",AMD EPYC 7763 64-Core Processor,AMD EPYC 7763 64-Core Processor,ubuntu-24.04,20260823.283.1,6.17.0-1022-azure,rustc 1.98.0 (88d9e12ae 2026-08-18),cargo 1.98.0 (797e8a9bc 2026-08-05),100000,80,14,missing_target:ct_sm4_cbc_decrypt_fanout,41e4584e38ade67108a74deb982ad77047e85c983bc8fe1f10d3556803cba280,fbb1a0001c7a3c7e3f5390a9438e76c8f50381f10b763fcea4901e2beb4b12e6,8d7c342c486963e28e71c02453e7ffbae5733e6b6f63d128e9ea1f52d6217f3e,https://github.com/frankxue831/gm-crypto-rs/actions/runs/33593997898/job/100133601274,-0.00867,+0.00913,+0.00613,+0.00966,-0.00514,-0.01770,-0.01965,+0.01651,+0.01518,+0.02015,-0.26989,-0.28808,-0.25009,-0.22026,-0.21906,+0.01015,+0.02585,+0.01780,+0.20984,+0.21265,-0.00215,-0.00719,-0.00403,-0.01032,+0.00710,,,,,,+151.53731,+152.53334,+165.36094,+158.70401,+155.05621
33593997898,1,2026-09-02T05:15:59Z,726432074a9108b763bb72fc8bf455b7a0295543,schedule,success,100133601330,success,"sm4-bitsliced-simd,sm4-aead,sm4-xts,sm2-key-exchange,tlcp","sm4-bitsliced-simd,sm4-aead,sm4-xts,sm2-key-exchange,tlcp,crypto-bigint-scalar",Intel(R) Xeon(R) 6973P-C,Intel(R) Xeon(R) 6973P-C,ubuntu-24.04,20260823.283.1,6.17.0-1022-azure,rustc 1.98.0 (88d9e12ae 2026-08-18),cargo 1.98.0 (797e8a9bc 2026-08-05),100000,120,22,,41e4584e38ade67108a74deb982ad77047e85c983bc8fe1f10d3556803cba280,fbb1a0001c7a3c7e3f5390a9438e76c8f50381f10b763fcea4901e2beb4b12e6,fc1ebb3f39714e3e09477b9110c2043ba5e7e3de65bb1a2aee660c298fbe6268,https://github.com/frankxue831/gm-crypto-rs/actions/runs/33593997898/job/100133601330,-0.00682,+0.00649,-0.01558,+0.00613,-0.00735,-0.01353,+0.00654,-0.01771,-0.02437,+0.02723,-0.01489,-0.01775,-0.01669,-0.02616,-0.02016,-0.02197,+0.01272,+0.08087,-0.00910,+0.00831,-0.00551,+0.00274,+0.01070,-0.03120,-0.00387,-0.00815,+0.00621,+0.01581,-0.01997,-0.02040,+63.38208,+57.97946,+57.21358,+54.25782,+60.93683
33720119346,1,2026-09-03T05:44:14Z,febca172dc1e6cdf13cc70e3f91b2e6a20a54413,schedule,success,100537354822,success,default,crypto-bigint-scalar,AMD EPYC 9V74 80-Core Processor,AMD EPYC 9V74 80-Core Processor,ubuntu-24.04,20260823.283.1,6.17.0-1022-azure,rustc 1.98.0 (88d9e12ae 2026-08-18),cargo 1.98.0 (797e8a9bc 2026-08-05),100000,80,14,missing_target:ct_sm4_cbc_decrypt_fanout,4f06e92e1d1fd08ef9aff7ac0b28de113de2d41619f65cd92668dfd85199f68a,12412115dab7b14d438d3d3edfd05ffd02bf7220236a1353b513c3c55e81744b,f18d68bd6bb22b33c02c5cd3d3da14e2422019a02eea68fe552e67c56ebecb08,https://github.com/frankxue831/gm-crypto-rs/actions/runs/33720119346/job/100537354822,-0.22310,-0.08896,-0.25407,-0.22592,-0.08976,-0.08312,-0.18757,-0.28096,+0.10508,-0.11547,-0.19097,-0.19809,-0.16973,-0.18083,-0.18642,-0.00503,-0.02712,+0.00514,-0.00344,-0.00800,+0.00524,-0.00202,-0.00731,+0.01565,-0.00553,,,,,,+93.35318,+72.68706,+73.53256,+66.42260,+70.79228
33720119346,1,2026-09-03T05:44:14Z,febca172dc1e6cdf13cc70e3f91b2e6a20a54413,schedule,success,100537354903,success,"sm4-bitsliced-simd,sm4-aead,sm4-xts,sm2-key-exchange,tlcp","sm4-bitsliced-simd,sm4-aead,sm4-xts,sm2-key-exchange,tlcp,crypto-bigint-scalar",AMD EPYC 7763 64-Core Processor,AMD EPYC 7763 64-Core Processor,ubuntu-24.04,20260823.283.1,6.17.0-1022-azure,rustc 1.98.0 (88d9e12ae 2026-08-18),cargo 1.98.0 (797e8a9bc 2026-08-05),100000,120,22,,4f06e92e1d1fd08ef9aff7ac0b28de113de2d41619f65cd92668dfd85199f68a,12412115dab7b14d438d3d3edfd05ffd02bf7220236a1353b513c3c55e81744b,42461af31a9eaa88823940a6193684abcd4c1cdad914ac5fc3694b1475135405,https://github.com/frankxue831/gm-crypto-rs/actions/runs/33720119346/job/100537354903,-0.00652,-0.01081,+0.00785,+0.00734,+0.00503,-0.02486,-0.00432,-0.02149,-0.02811,+0.02614,-0.23529,-0.24379,-0.24684,-0.29040,-0.17193,+0.00787,+0.02177,+0.28293,-0.01027,+0.00827,-0.00332,+0.00703,+0.00512,-0.00690,+0.02953,+0.01961,+0.01341,+0.00566,+0.01381,-0.00678,+143.60337,+157.00256,+157.02450,+143.47889,+176.20639
33720119346,1,2026-09-03T05:44:14Z,febca172dc1e6cdf13cc70e3f91b2e6a20a54413,schedule,success,100537354964,success,sm4-bitsliced,"sm4-bitsliced,crypto-bigint-scalar",AMD EPYC 9V74 80-Core Processor,AMD EPYC 9V74 80-Core Processor,ubuntu-24.04,20260823.283.1,6.17.0-1022-azure,rustc 1.98.0 (88d9e12ae 2026-08-18),cargo 1.98.0 (797e8a9bc 2026-08-05),100000,80,14,missing_target:ct_sm4_cbc_decrypt_fanout,4f06e92e1d1fd08ef9aff7ac0b28de113de2d41619f65cd92668dfd85199f68a,12412115dab7b14d438d3d3edfd05ffd02bf7220236a1353b513c3c55e81744b,85520e138f6018a63d22685ed287be2a11192bf0bc264be307001d6ba8efcc73,https://github.com/frankxue831/gm-crypto-rs/actions/runs/33720119346/job/100537354964,-0.14548,-0.40528,-0.07585,-0.20445,-0.32024,-0.27046,-0.29682,-0.30001,+0.14903,-0.46098,-0.18608,-0.14949,-0.18095,-0.19438,-0.15003,-0.00645,+0.00867,-0.00437,-0.01218,+0.01151,-0.01015,-0.00903,+0.00352,+0.00570,+0.00562,,,,,,+79.88064,+81.13588,+78.65797,+71.69254,+88.38582
33720119346,1,2026-09-03T05:44:14Z,febca172dc1e6cdf13cc70e3f91b2e6a20a54413,schedule,success,100537355045,success,sm4-bitsliced-simd,"sm4-bitsliced-simd,crypto-bigint-scalar",AMD EPYC 7763 64-Core Processor,AMD EPYC 7763 64-Core Processor,ubuntu-24.04,20260823.283.1,6.17.0-1022-azure,rustc 1.98.0 (88d9e12ae 2026-08-18),cargo 1.98.0 (797e8a9bc 2026-08-05),100000,90,16,,4f06e92e1d1fd08ef9aff7ac0b28de113de2d41619f65cd92668dfd85199f68a,12412115dab7b14d438d3d3edfd05ffd02bf7220236a1353b513c3c55e81744b,4cd52d4ccef569e6f09919e6e4711e8d2dafe154fe447e153308377fe54396e4,https://github.com/frankxue831/gm-crypto-rs/actions/runs/33720119346/job/100537355045,+0.01535,-0.00806,+0.00822,+0.00532,+0.01038,-0.11059,+0.08166,-0.03367,-0.08084,+0.04461,-0.22457,-0.23012,-0.12119,-0.20951,-0.10540,+0.01386,-0.01218,-0.08281,+0.01504,+0.27332,-0.00345,-0.00257,+0.00234,+0.00406,-0.00415,+0.02192,+0.05265,+0.01648,-0.00587,-0.02944,+115.39175,+122.83945,+114.54943,+123.95662,+121.73699
33839850625,1,2026-09-04T05:15:56Z,fd415057b92b213ea38628e9edadcc291c317f7d,schedule,success,100919741127,success,default,crypto-bigint-scalar,AMD EPYC 7763 64-Core Processor,AMD EPYC 7763 64-Core Processor,ubuntu-24.04,20260831.293.1,6.17.0-1022-azure,rustc 1.98.0 (88d9e12ae 2026-08-18),cargo 1.98.0 (797e8a9bc 2026-08-05),100000,80,14,missing_target:ct_sm4_cbc_decrypt_fanout,4cd4d084c8f4f14d36ae5b59163154e26cd0b7fdf5f86dc88e2deab49050d91f,9db305a300c830c3fdab0d10abe49491c45bc32074921f72b6dab3ffde434c2a,b02c8b18733245810e36aa8d63411e94017ceb9352224f1b2187e6875a002809,https://github.com/frankxue831/gm-crypto-rs/actions/runs/33839850625/job/100919741127,-0.00526,-0.00821,+0.00514,-0.00598,-0.00688,-0.02358,-0.00872,+0.03246,+0.07338,-0.02220,-0.19774,-0.17983,-0.32857,-0.27396,-0.24055,+0.27923,+0.01594,+0.05073,+0.01133,+0.01494,-0.00562,-0.01119,-0.01204,-0.00527,+0.00649,,,,,,+149.37400,+183.12068,+128.89710,+181.89454,+152.53354
33839850625,1,2026-09-04T05:15:56Z,fd415057b92b213ea38628e9edadcc291c317f7d,schedule,success,100919741275,success,"sm4-bitsliced-simd,sm4-aead,sm4-xts,sm2-key-exchange,tlcp","sm4-bitsliced-simd,sm4-aead,sm4-xts,sm2-key-exchange,tlcp,crypto-bigint-scalar",AMD EPYC 7763 64-Core Processor,AMD EPYC 7763 64-Core Processor,ubuntu-24.04,20260831.293.1,6.17.0-1022-azure,rustc 1.98.0 (88d9e12ae 2026-08-18),cargo 1.98.0 (797e8a9bc 2026-08-05),100000,120,22,,4cd4d084c8f4f14d36ae5b59163154e26cd0b7fdf5f86dc88e2deab49050d91f,9db305a300c830c3fdab0d10abe49491c45bc32074921f72b6dab3ffde434c2a,689cd944384549264a3a0365dff375cde78fdbbebcdf7b0d78bd97ec3af1a222,https://github.com/frankxue831/gm-crypto-rs/actions/runs/33839850625/job/100919741275,-0.00885,-0.01228,+0.00476,-0.00629,+0.00390,+0.02437,-0.02240,-0.00569,-0.01953,-0.01959,-0.11644,-0.25216,-0.21878,-0.12439,-0.25920,+0.03794,+0.00530,+0.00815,+0.28772,-0.00765,-0.00508,+0.00448,+0.00786,-0.00483,+0.00671,+0.00965,+0.02719,+0.01833,-0.03660,-0.02757,+142.48027,+160.26573,+184.35338,+156.09740,+165.85658
33839850625,1,2026-09-04T05:15:56Z,fd415057b92b213ea38628e9edadcc291c317f7d,schedule,success,100919741307,success,sm4-bitsliced-simd,"sm4-bitsliced-simd,crypto-bigint-scalar",AMD EPYC 9V74 80-Core Processor,AMD EPYC 9V74 80-Core Processor,ubuntu-24.04,20260823.283.1,6.17.0-1022-azure,rustc 1.98.0 (88d9e12ae 2026-08-18),cargo 1.98.0 (797e8a9bc 2026-08-05),100000,90,16,,4cd4d084c8f4f14d36ae5b59163154e26cd0b7fdf5f86dc88e2deab49050d91f,9db305a300c830c3fdab0d10abe49491c45bc32074921f72b6dab3ffde434c2a,1c8f73c2b0d5ab52d2eca60b6ffae2d0adee2d7c8c57e07119021f2f0fb68750,https://github.com/frankxue831/gm-crypto-rs/actions/runs/33839850625/job/100919741307,-0.20442,-0.45423,-0.20122,-0.06819,-0.40143,-0.27553,-0.25950,-0.23440,-0.47063,+0.08861,-0.21781,-0.17444,-0.14826,-0.15621,-0.15742,+0.01535,+0.01365,-0.01900,-0.01604,+0.01385,+0.00508,+0.01403,-0.00757,+0.00294,-0.00289,+0.00922,-0.01884,-0.12374,-0.10317,+0.02718,+68.23308,+84.70133,+72.71026,+111.16940,+79.27843
33839850625,1,2026-09-04T05:15:56Z,fd415057b92b213ea38628e9edadcc291c317f7d,schedule,success,100919741340,success,sm4-bitsliced,"sm4-bitsliced,crypto-bigint-scalar",AMD EPYC 7763 64-Core Processor,AMD EPYC 7763 64-Core Processor,ubuntu-24.04,20260823.283.1,6.17.0-1022-azure,rustc 1.98.0 (88d9e12ae 2026-08-18),cargo 1.98.0 (797e8a9bc 2026-08-05),100000,80,14,missing_target:ct_sm4_cbc_decrypt_fanout,4cd4d084c8f4f14d36ae5b59163154e26cd0b7fdf5f86dc88e2deab49050d91f,9db305a300c830c3fdab0d10abe49491c45bc32074921f72b6dab3ffde434c2a,6215341ed711b86fbda2238dd79a6c757b06854fbcc00f09bf3f2d419781406e,https://github.com/frankxue831/gm-crypto-rs/actions/runs/33839850625/job/100919741340,+0.00717,+0.00622,-0.00655,+0.00846,+0.00802,+0.00545,-0.01777,-0.05934,+0.01086,+0.00596,-0.19789,-0.29493,-0.25753,-0.26944,-0.19457,+0.01947,-0.00447,-0.00603,+0.00859,+0.01890,+0.00799,-0.00413,-0.00581,-0.00527,+0.01131,,,,,,+175.94587,+165.70132,+175.80853,+176.47796,+171.79336
33946681079,1,2026-09-05T05:14:29Z,6fa066de2505423e8d146835b78454b86609a13c,schedule,success,101253941129,success,sm4-bitsliced,"sm4-bitsliced,crypto-bigint-scalar",AMD EPYC 7763 64-Core Processor,AMD EPYC 7763 64-Core Processor,ubuntu-24.04,20260831.293.1,6.17.0-1022-azure,rustc 1.98.0 (88d9e12ae 2026-08-18),cargo 1.98.0 (797e8a9bc 2026-08-05),100000,80,14,missing_target:ct_sm4_cbc_decrypt_fanout,52e6dd9d76b8bf776ef15d2300bf3a734e740a765e6a3e6fcab3709aeae85d8b,d60ec2e9f57d0b13de8d78eb3496ad316cefc93f6948feb0a42f2618ab70b012,147adfd5c0ceaa3f140034cc3cd04cf0c3d7e7324a19be7a8d73fa4fcef9f250,https://github.com/frankxue831/gm-crypto-rs/actions/runs/33946681079/job/101253941129,+0.01142,-0.00862,+0.00828,-0.01229,+0.00868,-0.22971,-0.17114,-0.13620,-0.14679,-0.20409,-0.21057,-0.13674,-0.15749,-0.13640,-0.15454,-0.00599,+0.01473,+0.02805,+0.02421,+0.00584,+0.00505,+0.00581,+0.00429,+0.02303,-0.01775,,,,,,+176.77853,+164.89531,+159.24162,+171.15195,+181.07111
33946681079,1,2026-09-05T05:14:29Z,6fa066de2505423e8d146835b78454b86609a13c,schedule,success,101253941235,success,sm4-bitsliced-simd,"sm4-bitsliced-simd,crypto-bigint-scalar",AMD EPYC 9V74 80-Core Processor,AMD EPYC 9V74 80-Core Processor,ubuntu-24.04,20260831.293.1,6.17.0-1022-azure,rustc 1.98.0 (88d9e12ae 2026-08-18),cargo 1.98.0 (797e8a9bc 2026-08-05),100000,90,16,,52e6dd9d76b8bf776ef15d2300bf3a734e740a765e6a3e6fcab3709aeae85d8b,d60ec2e9f57d0b13de8d78eb3496ad316cefc93f6948feb0a42f2618ab70b012,4172b06f65f8310e91e17a1926073340644855b4b954ca4fbf6cc463883c8c0e,https://github.com/frankxue831/gm-crypto-rs/actions/runs/33946681079/job/101253941235,-0.16429,-0.43530,-0.30851,-0.04022,-0.01605,-0.34395,-0.51424,-0.09111,-0.58749,-0.37548,-0.18374,-0.16236,-0.16944,-0.15839,-0.17876,-0.00597,+0.00500,+0.01499,-0.00497,+0.00619,-0.00228,+0.00735,+0.01215,+0.00198,+0.00940,+0.11847,+0.13683,+0.31870,+0.13456,+0.19935,+77.23674,+110.54841,+72.43400,+84.74248,+78.83841
33946681079,1,2026-09-05T05:14:29Z,6fa066de2505423e8d146835b78454b86609a13c,schedule,success,101253941247,success,"sm4-bitsliced-simd,sm4-aead,sm4-xts,sm2-key-exchange,tlcp","sm4-bitsliced-simd,sm4-aead,sm4-xts,sm2-key-exchange,tlcp,crypto-bigint-scalar",AMD EPYC 7763 64-Core Processor,AMD EPYC 7763 64-Core Processor,ubuntu-24.04,20260831.293.1,6.17.0-1022-azure,rustc 1.98.0 (88d9e12ae 2026-08-18),cargo 1.98.0 (797e8a9bc 2026-08-05),100000,120,22,,52e6dd9d76b8bf776ef15d2300bf3a734e740a765e6a3e6fcab3709aeae85d8b,d60ec2e9f57d0b13de8d78eb3496ad316cefc93f6948feb0a42f2618ab70b012,eec8cf5a70f3e3815d5b9c9c7bc52314f1ce3926d91d624d1d6955dfba8b1ce6,https://github.com/frankxue831/gm-crypto-rs/actions/runs/33946681079/job/101253941247,+0.00640,-0.00874,+0.00771,+0.00891,+0.00811,+0.02199,-0.01095,+0.02233,-0.03962,+0.00854,-0.20687,-0.23253,-0.21503,-0.21739,-0.21974,+0.29685,-0.01150,+0.28666,+0.02404,+0.01210,+0.00632,+0.00222,+0.00787,-0.00228,+0.01781,+0.14266,-0.00992,-0.01960,+0.00604,-0.05038,+157.80439,+165.77892,+156.54002,+143.21327,+167.96052
33946681079,1,2026-09-05T05:14:29Z,6fa066de2505423e8d146835b78454b86609a13c,schedule,success,101253941308,success,default,crypto-bigint-scalar,AMD EPYC 7763 64-Core Processor,AMD EPYC 7763 64-Core Processor,ubuntu-24.04,20260831.293.1,6.17.0-1022-azure,rustc 1.98.0 (88d9e12ae 2026-08-18),cargo 1.98.0 (797e8a9bc 2026-08-05),100000,80,14,missing_target:ct_sm4_cbc_decrypt_fanout,52e6dd9d76b8bf776ef15d2300bf3a734e740a765e6a3e6fcab3709aeae85d8b,d60ec2e9f57d0b13de8d78eb3496ad316cefc93f6948feb0a42f2618ab70b012,90ce5c656511189ea008a6774a627d6e11516dac57ebdbcc96aa11bf2c1260b2,https://github.com/frankxue831/gm-crypto-rs/actions/runs/33946681079/job/101253941308,+0.00860,+0.00657,+0.01058,+0.01131,+0.00868,-0.05926,+0.00841,+0.04203,-0.04894,-0.03321,-0.24590,-0.20296,-0.12869,-0.24203,-0.24599,-0.00950,-0.00914,-0.01586,-0.02586,-0.00750,-0.02267,+0.00584,-0.00416,+0.00476,-0.00657,,,,,,+126.88896,+142.39897,+146.23774,+143.62864,+146.92102
34013479884,1,2026-09-06T05:14:19Z,6fa066de2505423e8d146835b78454b86609a13c,schedule,success,101433178713,success,"sm4-bitsliced-simd,sm4-aead,sm4-xts,sm2-key-exchange,tlcp","sm4-bitsliced-simd,sm4-aead,sm4-xts,sm2-key-exchange,tlcp,crypto-bigint-scalar",AMD EPYC 7763 64-Core Processor,AMD EPYC 7763 64-Core Processor,ubuntu-24.04,20260831.293.1,6.17.0-1022-azure,rustc 1.98.0 (88d9e12ae 2026-08-18),cargo 1.98.0 (797e8a9bc 2026-08-05),100000,120,22,,519167f8c5e06b66eca1aadccfa5bbeb5accc63ed8979d969b1a50332fcbedf7,ef26abf18653b1ba1fd0d709987dddfae3b7dc9d50f761051ed8ea319988e8ff,7d977b9367cb36738520473b932bb3bde36a7da1d5ca4177fec8e8b0f33a65b1,https://github.com/frankxue831/gm-crypto-rs/actions/runs/34013479884/job/101433178713,-0.01472,-0.01072,-0.00577,-0.01135,-0.01014,+0.00648,+0.05566,-0.00529,+0.24791,+0.00673,-0.18573,-0.18039,-0.20446,-0.21327,-0.21421,+0.31122,-0.00936,+0.31377,+0.30407,+0.00482,+0.00553,-0.00655,+0.02239,+0.01880,-0.00319,+0.03112,-0.02025,-0.01019,+0.00830,+0.01543,+119.05968,+152.91569,+149.46343,+143.18289,+162.66006
34013479884,1,2026-09-06T05:14:19Z,6fa066de2505423e8d146835b78454b86609a13c,schedule,success,101433178831,success,default,crypto-bigint-scalar,AMD EPYC 7763 64-Core Processor,AMD EPYC 7763 64-Core Processor,ubuntu-24.04,20260831.293.1,6.17.0-1022-azure,rustc 1.98.0 (88d9e12ae 2026-08-18),cargo 1.98.0 (797e8a9bc 2026-08-05),100000,80,14,missing_target:ct_sm4_cbc_decrypt_fanout,519167f8c5e06b66eca1aadccfa5bbeb5accc63ed8979d969b1a50332fcbedf7,ef26abf18653b1ba1fd0d709987dddfae3b7dc9d50f761051ed8ea319988e8ff,9fa15063c75fda20165a9b7b29e24a6d1b0b8ecd40679a0639ff487263b0e954,https://github.com/frankxue831/gm-crypto-rs/actions/runs/34013479884/job/101433178831,-0.65465,+0.00899,+0.00750,+0.00615,-0.01025,-0.02894,-0.02125,+0.02632,-0.01769,+0.02327,-0.12248,-0.15046,-0.33411,-0.15508,-0.15415,+0.02586,+0.04157,-0.02110,-0.01958,+0.29376,+0.01107,+0.01844,-0.00469,+0.00371,-0.02410,,,,,,+120.41113,+140.15827,+136.28135,+136.70070,+125.61329
34013479884,1,2026-09-06T05:14:19Z,6fa066de2505423e8d146835b78454b86609a13c,schedule,success,101433178843,success,sm4-bitsliced-simd,"sm4-bitsliced-simd,crypto-bigint-scalar",AMD EPYC 9V74 80-Core Processor,AMD EPYC 9V74 80-Core Processor,ubuntu-24.04,20260831.293.1,6.17.0-1022-azure,rustc 1.98.0 (88d9e12ae 2026-08-18),cargo 1.98.0 (797e8a9bc 2026-08-05),100000,90,16,,519167f8c5e06b66eca1aadccfa5bbeb5accc63ed8979d969b1a50332fcbedf7,ef26abf18653b1ba1fd0d709987dddfae3b7dc9d50f761051ed8ea319988e8ff,102ffb99d08c29b409eb1c14e12d953106fc743fcb3815b130e31fc03d3b1914,https://github.com/frankxue831/gm-crypto-rs/actions/runs/34013479884/job/101433178843,-0.30053,-0.34312,-0.03350,-0.43965,-0.14050,-0.62664,-0.14594,-0.01441,-0.24032,-0.34387,-0.16120,-0.17854,-0.20916,-0.16905,-0.15421,+0.00654,+0.00770,-0.00518,+0.02336,-0.00888,+0.00680,-0.00565,-0.00631,+0.00458,-0.00484,+0.19614,+0.20837,+0.23041,+0.21344,+0.15531,+86.45760,+74.78323,+73.92264,+76.02922,+86.92984
34013479884,1,2026-09-06T05:14:19Z,6fa066de2505423e8d146835b78454b86609a13c,schedule,success,101433178853,success,sm4-bitsliced,"sm4-bitsliced,crypto-bigint-scalar",AMD EPYC 7763 64-Core Processor,AMD EPYC 7763 64-Core Processor,ubuntu-24.04,20260831.293.1,6.17.0-1022-azure,rustc 1.98.0 (88d9e12ae 2026-08-18),cargo 1.98.0 (797e8a9bc 2026-08-05),100000,80,14,missing_target:ct_sm4_cbc_decrypt_fanout,519167f8c5e06b66eca1aadccfa5bbeb5accc63ed8979d969b1a50332fcbedf7,ef26abf18653b1ba1fd0d709987dddfae3b7dc9d50f761051ed8ea319988e8ff,6bc4100e8219aec372860c95d0b628aed92b9fec44b56d50bff6ff9b35f30d1f,https://github.com/frankxue831/gm-crypto-rs/actions/runs/34013479884/job/101433178853,-0.00770,-0.00809,-0.00773,-0.00842,-0.01496,-0.18067,-0.22161,-0.18767,-0.15440,+0.16050,-0.17735,-0.21617,-0.12105,-0.17660,-0.30826,-0.01006,+0.00719,+0.02094,-0.00880,-0.01305,-0.00663,+0.00585,+0.00526,+0.00237,+0.00421,,,,,,+149.77675,+169.62543,+158.46214,+155.43364,+132.53300
34086195746,1,2026-09-07T05:16:50Z,6fa066de2505423e8d146835b78454b86609a13c,schedule,success,101630591090,success,"sm4-bitsliced-simd,sm4-aead,sm4-xts,sm2-key-exchange,tlcp","sm4-bitsliced-simd,sm4-aead,sm4-xts,sm2-key-exchange,tlcp,crypto-bigint-scalar",AMD EPYC 9V74 80-Core Processor,AMD EPYC 9V74 80-Core Processor,ubuntu-24.04,20260831.293.1,6.17.0-1022-azure,rustc 1.98.0 (88d9e12ae 2026-08-18),cargo 1.98.0 (797e8a9bc 2026-08-05),100000,120,22,,5e5ce9f9bf51cc9c71cd379fb6e800c762e8fb22e29ea37e2e2e356071c9ff9e,ca91f89c447b5740bbd93eac19b5617c9b72059f22ba31287ac9d20aacf8737e,2c6750acf135f163963396d5de705c1e8efdabc38a0a09716f556327fc69805c,https://github.com/frankxue831/gm-crypto-rs/actions/runs/34086195746/job/101630591090,-0.06783,-0.04747,-0.02283,-0.01398,-0.07916,-0.30036,+0.05682,-0.30165,+0.05234,-0.01083,-0.19793,-0.19310,-0.26535,-0.20856,-0.20747,+0.00926,+0.00875,-0.00477,-0.00688,-0.01281,+0.00345,+0.00828,+0.00474,-0.00381,+0.00859,+0.06054,+0.05716,-0.12295,+0.06248,-0.02124,+96.56955,+106.70411,+93.71828,+95.18469,+80.66266
34086195746,1,2026-09-07T05:16:50Z,6fa066de2505423e8d146835b78454b86609a13c,schedule,success,101630591126,success,default,crypto-bigint-scalar,AMD EPYC 9V74 80-Core Processor,AMD EPYC 9V74 80-Core Processor,ubuntu-24.04,20260831.293.1,6.17.0-1022-azure,rustc 1.98.0 (88d9e12ae 2026-08-18),cargo 1.98.0 (797e8a9bc 2026-08-05),100000,80,14,missing_target:ct_sm4_cbc_decrypt_fanout,5e5ce9f9bf51cc9c71cd379fb6e800c762e8fb22e29ea37e2e2e356071c9ff9e,ca91f89c447b5740bbd93eac19b5617c9b72059f22ba31287ac9d20aacf8737e,deef4396338842d4aeb79e4887b0db72f40c9966a5eeb302ac97df8207bca603,https://github.com/frankxue831/gm-crypto-rs/actions/runs/34086195746/job/101630591126,-0.05197,-0.05759,-0.01503,+0.00845,-0.04114,-0.45545,-0.04174,-0.04011,+0.00963,+0.02124,-0.03596,-0.06065,-0.15820,-0.06680,-0.13262,-0.01823,-0.01778,-0.00538,-0.00687,+0.02192,+0.00515,-0.00587,+0.00496,-0.00690,-0.00909,,,,,,+71.10565,+73.74349,+71.29582,+72.46760,+91.28439
34086195746,1,2026-09-07T05:16:50Z,6fa066de2505423e8d146835b78454b86609a13c,schedule,success,101630591169,success,sm4-bitsliced-simd,"sm4-bitsliced-simd,crypto-bigint-scalar",AMD EPYC 9V74 80-Core Processor,AMD EPYC 9V74 80-Core Processor,ubuntu-24.04,20260831.293.1,6.17.0-1022-azure,rustc 1.98.0 (88d9e12ae 2026-08-18),cargo 1.98.0 (797e8a9bc 2026-08-05),100000,90,16,,5e5ce9f9bf51cc9c71cd379fb6e800c762e8fb22e29ea37e2e2e356071c9ff9e,ca91f89c447b5740bbd93eac19b5617c9b72059f22ba31287ac9d20aacf8737e,f1444d2ad5996e16ee0f97978b520156d356daa307746a4b867374668f16f239,https://github.com/frankxue831/gm-crypto-rs/actions/runs/34086195746/job/101630591169,-0.39570,-0.34333,-0.45580,-0.25136,-0.12593,-0.23921,-0.58027,-0.30683,-0.38542,-0.33037,-0.25356,-0.16020,-0.16773,-0.18407,-0.18104,-0.00773,+0.00959,+0.01496,+0.01633,-0.00558,-0.00302,+0.00155,-0.01639,+0.00608,-0.02172,+0.28506,+0.12429,+0.29047,+0.04042,+0.13707,+71.57547,+94.21848,+71.29798,+72.90359,+79.30161
34086195746,1,2026-09-07T05:16:50Z,6fa066de2505423e8d146835b78454b86609a13c,schedule,success,101630591252,success,sm4-bitsliced,"sm4-bitsliced,crypto-bigint-scalar",AMD EPYC 7763 64-Core Processor,AMD EPYC 7763 64-Core Processor,ubuntu-24.04,20260831.293.1,6.17.0-1022-azure,rustc 1.98.0 (88d9e12ae 2026-08-18),cargo 1.98.0 (797e8a9bc 2026-08-05),100000,80,14,missing_target:ct_sm4_cbc_decrypt_fanout,5e5ce9f9bf51cc9c71cd379fb6e800c762e8fb22e29ea37e2e2e356071c9ff9e,ca91f89c447b5740bbd93eac19b5617c9b72059f22ba31287ac9d20aacf8737e,322036880ff49c65ced4645313de11ea2b793273045bad920832b82aea3efda3,https://github.com/frankxue831/gm-crypto-rs/actions/runs/34086195746/job/101630591252,+0.00757,-0.00774,+0.00739,+0.01050,+0.00893,-0.13187,+0.09111,-0.11935,+0.10632,-0.10060,-0.17181,-0.19680,-0.22889,-0.18292,-0.13793,+0.00815,+0.26838,+0.00830,+0.26899,-0.00705,+0.00642,+0.00399,-0.00464,+0.03394,-0.00725,,,,,,+146.94179,+143.89501,+142.49943,+141.59092,+145.61095
34189989074,1,2026-09-08T05:16:16Z,6fa066de2505423e8d146835b78454b86609a13c,schedule,success,101945900453,success,default,crypto-bigint-scalar,AMD EPYC 7763 64-Core Processor,AMD EPYC 7763 64-Core Processor,ubuntu-24.04,20260831.293.1,6.17.0-1022-azure,rustc 1.98.0 (88d9e12ae 2026-08-18),cargo 1.98.0 (797e8a9bc 2026-08-05),100000,80,14,missing_target:ct_sm4_cbc_decrypt_fanout,3ccec99ce0fc750e308b49b3fefe214bf0703078c8d5a73c8d037c9cbf66c1b4,ff544b1b6d261876f884a52006967b876e8e7c18843485e6aa98cf43e99d801e,e9086550be2fc51f03dc1eff6be0aac1319f56b9bca3abb47de9734ea4ee920e,https://github.com/frankxue831/gm-crypto-rs/actions/runs/34189989074/job/101945900453,-0.00870,+0.02291,+0.00607,-0.01910,-0.00735,-0.04239,-0.02368,+0.02750,-0.02713,+0.03269,-0.17158,-0.14677,-0.17929,-0.13887,-0.22825,+0.02793,+0.01006,+0.30673,-0.01514,-0.02864,+0.00233,-0.00370,+0.00273,-0.02274,-0.00411,,,,,,+152.45004,+145.49192,+141.13919,+150.06774,+151.20837
34189989074,1,2026-09-08T05:16:16Z,6fa066de2505423e8d146835b78454b86609a13c,schedule,success,101945900652,success,sm4-bitsliced,"sm4-bitsliced,crypto-bigint-scalar",AMD EPYC 7763 64-Core Processor,AMD EPYC 7763 64-Core Processor,ubuntu-24.04,20260831.293.1,6.17.0-1022-azure,rustc 1.98.0 (88d9e12ae 2026-08-18),cargo 1.98.0 (797e8a9bc 2026-08-05),100000,80,14,missing_target:ct_sm4_cbc_decrypt_fanout,3ccec99ce0fc750e308b49b3fefe214bf0703078c8d5a73c8d037c9cbf66c1b4,ff544b1b6d261876f884a52006967b876e8e7c18843485e6aa98cf43e99d801e,b07c1a8729e0298a2ef7e20eb80ec674e713d6ab49b9f92cdcb712ae00b5348f,https://github.com/frankxue831/gm-crypto-rs/actions/runs/34189989074/job/101945900652,-0.01263,+0.01025,+0.00979,+0.00664,+0.00735,+0.25002,-0.21153,-0.22065,-0.21674,+0.23118,-0.21560,-0.11260,-0.12811,-0.11317,-0.21686,+0.30264,+0.02047,+0.00754,+0.02151,+0.28460,+0.01196,+0.00889,+0.00328,+0.00385,+0.00409,,,,,,+115.22258,+185.77080,+159.24042,+159.53719,+168.82164
34189989074,1,2026-09-08T05:16:16Z,6fa066de2505423e8d146835b78454b86609a13c,schedule,success,101945900705,success,"sm4-bitsliced-simd,sm4-aead,sm4-xts,sm2-key-exchange,tlcp","sm4-bitsliced-simd,sm4-aead,sm4-xts,sm2-key-exchange,tlcp,crypto-bigint-scalar",INTEL(R) XEON(R) PLATINUM 8573C,INTEL(R) XEON(R) PLATINUM 8573C,ubuntu-24.04,20260831.293.1,6.17.0-1022-azure,rustc 1.98.0 (88d9e12ae 2026-08-18),cargo 1.98.0 (797e8a9bc 2026-08-05),100000,120,22,,3ccec99ce0fc750e308b49b3fefe214bf0703078c8d5a73c8d037c9cbf66c1b4,ff544b1b6d261876f884a52006967b876e8e7c18843485e6aa98cf43e99d801e,4a17c3309131b8acff42b979e4387ea3db7cadb994e372fd21e52cab9ebcb253,https://github.com/frankxue831/gm-crypto-rs/actions/runs/34189989074/job/101945900705,+0.00733,-0.01081,-0.00664,-0.01101,+0.00523,+0.03727,+0.02220,+0.03672,+0.03841,-0.00363,+0.01435,+0.01361,+0.02012,+0.01525,+0.01794,+0.06908,+0.00901,+0.07748,+0.07229,+0.01429,-0.00745,-0.02142,+0.02768,+0.00681,+0.00586,-0.01292,+0.00719,-0.00562,-0.00618,-0.00849,+61.11365,+54.98800,+53.84875,+56.29949,+60.00941
34189989074,1,2026-09-08T05:16:16Z,6fa066de2505423e8d146835b78454b86609a13c,schedule,success,101945900739,success,sm4-bitsliced-simd,"sm4-bitsliced-simd,crypto-bigint-scalar",AMD EPYC 7763 64-Core Processor,AMD EPYC 7763 64-Core Processor,ubuntu-24.04,20260831.293.1,6.17.0-1022-azure,rustc 1.98.0 (88d9e12ae 2026-08-18),cargo 1.98.0 (797e8a9bc 2026-08-05),100000,90,16,,3ccec99ce0fc750e308b49b3fefe214bf0703078c8d5a73c8d037c9cbf66c1b4,ff544b1b6d261876f884a52006967b876e8e7c18843485e6aa98cf43e99d801e,a944329460b2f02d3adfb631a3610c51d3ab3875c0f195f2050ac5b77f6fcff2,https://github.com/frankxue831/gm-crypto-rs/actions/runs/34189989074/job/101945900739,-0.01403,+0.00906,+0.01030,+0.00731,-0.00594,-0.02567,+0.01789,+0.00610,-0.00653,+0.00424,-0.18203,-0.25120,-0.25761,-0.23689,-0.22147,-0.03185,-0.02634,-0.03014,-0.02859,-0.02758,-0.00603,-0.01985,+0.00453,+0.02008,-0.02071,-0.02242,-0.01710,+0.01337,+0.00589,+0.03598,+166.03006,+185.10422,+122.33522,+178.44160,+143.85239
34314204901,1,2026-09-09T05:16:12Z,6fa066de2505423e8d146835b78454b86609a13c,schedule,success,102346885159,success,sm4-bitsliced,"sm4-bitsliced,crypto-bigint-scalar",AMD EPYC 9V74 80-Core Processor,AMD EPYC 9V74 80-Core Processor,ubuntu-24.04,20260907.300.1,6.17.0-1022-azure,rustc 1.98.1 (48a229cea 2026-09-01),cargo 1.98.1 (797e8a9bc 2026-08-05),100000,80,14,missing_target:ct_sm4_cbc_decrypt_fanout,e23575263bb2b1c5ea8c066c8f173850285915cbe3be2418289fce2744036ced,443a23f23a1d5871a8a02d0c48c26228970db38be7a3cbbceca8d0abff55b4cc,8ed86eb62f1ab74ca7a9a409f24124a56147731782c6145bb7a36f9850099b2c,https://github.com/frankxue831/gm-crypto-rs/actions/runs/34314204901/job/102346885159,-0.08007,-0.11529,-0.05686,-0.10069,-0.05474,-0.30774,-0.40685,+0.02753,+0.03868,+0.04535,-0.23114,-0.24363,-0.16913,-0.17892,-0.18219,+0.00751,-0.00752,+0.00814,-0.00514,+0.00927,+0.00257,+0.00783,+0.00349,-0.00340,-0.00703,,,,,,+78.14105,+89.61295,+94.90626,+74.68959,+74.73519
34314204901,1,2026-09-09T05:16:12Z,6fa066de2505423e8d146835b78454b86609a13c,schedule,success,102346885388,success,sm4-bitsliced-simd,"sm4-bitsliced-simd,crypto-bigint-scalar",INTEL(R) XEON(R) PLATINUM 8573C,INTEL(R) XEON(R) PLATINUM 8573C,ubuntu-24.04,20260831.293.1,6.17.0-1022-azure,rustc 1.98.0 (88d9e12ae 2026-08-18),cargo 1.98.0 (797e8a9bc 2026-08-05),100000,90,16,,e23575263bb2b1c5ea8c066c8f173850285915cbe3be2418289fce2744036ced,443a23f23a1d5871a8a02d0c48c26228970db38be7a3cbbceca8d0abff55b4cc,9dc15a363fba9da98dbb81c046fb0d53386b1b5289ae4e02ef834c4a8f01bbcb,https://github.com/frankxue831/gm-crypto-rs/actions/runs/34314204901/job/102346885388,-0.00932,+0.00423,+0.01076,+0.00777,+0.00454,-0.00586,+0.00645,-0.00720,+0.00994,-0.03568,-0.01567,-0.01699,-0.01259,-0.01882,-0.01867,-0.00551,+0.00634,-0.01747,+0.00843,-0.07427,-0.01575,+0.00763,-0.00703,-0.00743,-0.00861,-0.01688,+0.01068,+0.05664,-0.01179,+0.03431,+66.01651,+57.05484,+62.79533,+60.57972,+56.18506
34314204901,1,2026-09-09T05:16:12Z,6fa066de2505423e8d146835b78454b86609a13c,schedule,success,102346885405,success,"sm4-bitsliced-simd,sm4-aead,sm4-xts,sm2-key-exchange,tlcp","sm4-bitsliced-simd,sm4-aead,sm4-xts,sm2-key-exchange,tlcp,crypto-bigint-scalar",AMD EPYC 9V74 80-Core Processor,AMD EPYC 9V74 80-Core Processor,ubuntu-24.04,20260831.293.1,6.17.0-1022-azure,rustc 1.98.0 (88d9e12ae 2026-08-18),cargo 1.98.0 (797e8a9bc 2026-08-05),100000,120,22,,e23575263bb2b1c5ea8c066c8f173850285915cbe3be2418289fce2744036ced,443a23f23a1d5871a8a02d0c48c26228970db38be7a3cbbceca8d0abff55b4cc,be819859d2f95f1e8aaca3d817483a26bd8fef18da6cafb6adbe2478ac67ccbc,https://github.com/frankxue831/gm-crypto-rs/actions/runs/34314204901/job/102346885405,-0.45462,-0.16715,-0.21215,-0.39300,-0.20409,-0.08921,-0.45562,-0.34364,+0.09082,-0.23650,-0.13987,-0.22428,-0.14040,-0.16531,-0.21280,+0.00747,+0.01193,+0.00814,+0.00812,-0.01697,+0.00417,-0.00302,+0.00861,-0.00509,-0.00911,+0.14546,+0.18216,+0.21087,+0.13565,+0.26060,+76.46376,+71.73868,+93.78212,+73.49432,+73.93649
34314204901,1,2026-09-09T05:16:12Z,6fa066de2505423e8d146835b78454b86609a13c,schedule,success,102346885964,success,default,crypto-bigint-scalar,AMD EPYC 7763 64-Core Processor,AMD EPYC 7763 64-Core Processor,ubuntu-24.04,20260831.293.1,6.17.0-1022-azure,rustc 1.98.0 (88d9e12ae 2026-08-18),cargo 1.98.0 (797e8a9bc 2026-08-05),100000,80,14,missing_target:ct_sm4_cbc_decrypt_fanout,e23575263bb2b1c5ea8c066c8f173850285915cbe3be2418289fce2744036ced,443a23f23a1d5871a8a02d0c48c26228970db38be7a3cbbceca8d0abff55b4cc,941e08be34cf9c244d1f2674dc87bc5582be9a957606cbb0321914ce115a47d4,https://github.com/frankxue831/gm-crypto-rs/actions/runs/34314204901/job/102346885964,+0.00697,+0.00449,-0.00704,-0.00787,+0.00605,-0.02171,+0.05262,+0.03844,+0.03384,-0.02651,-0.27069,-0.28035,-0.31015,-0.30397,-0.25627,+0.36521,-0.02943,-0.05422,-0.04970,-0.03557,+0.00744,+0.00580,+0.00501,-0.00301,+0.00415,,,,,,+130.62004,+161.23382,+164.78071,+156.46443,+178.63108
34440373091,1,2026-09-10T05:15:53Z,6fa066de2505423e8d146835b78454b86609a13c,schedule,success,102753968637,success,sm4-bitsliced-simd,"sm4-bitsliced-simd,crypto-bigint-scalar",AMD EPYC 7763 64-Core Processor,AMD EPYC 7763 64-Core Processor,ubuntu-24.04,20260907.300.1,6.17.0-1022-azure,rustc 1.98.1 (48a229cea 2026-09-01),cargo 1.98.1 (797e8a9bc 2026-08-05),100000,90,16,,d3bff35619fd9b017f90e2da8c578904f424da717953e4659bb83d52727ad316,1c101a246b7b58e37aca6bae67c9bc2b4ffad2f37cde51a823a6d497768ccfc5,2594223b51f1c06bcff56cc1d9f939c19e46c403e21c45161ebe41345eb2f7a2,https://github.com/frankxue831/gm-crypto-rs/actions/runs/34440373091/job/102753968637,+0.00580,+0.02994,-0.01005,+0.00495,+0.00908,-0.01362,-0.03412,-0.05198,+0.02768,-0.03379,-0.20785,-0.15434,-0.15302,-0.16417,-0.12905,-0.01627,+0.29393,+0.27644,-0.00765,+0.33076,+0.00668,+0.01649,-0.00742,-0.00484,-0.00467,-0.01033,+0.01476,+0.01631,-0.00603,-0.00748,+175.10835,+180.42229,+173.72207,+173.72060,+174.55702
34440373091,1,2026-09-10T05:15:53Z,6fa066de2505423e8d146835b78454b86609a13c,schedule,success,102753968861,success,sm4-bitsliced,"sm4-bitsliced,crypto-bigint-scalar",AMD EPYC 7763 64-Core Processor,AMD EPYC 7763 64-Core Processor,ubuntu-24.04,20260831.293.1,6.17.0-1022-azure,rustc 1.98.0 (88d9e12ae 2026-08-18),cargo 1.98.0 (797e8a9bc 2026-08-05),100000,80,14,missing_target:ct_sm4_cbc_decrypt_fanout,d3bff35619fd9b017f90e2da8c578904f424da717953e4659bb83d52727ad316,1c101a246b7b58e37aca6bae67c9bc2b4ffad2f37cde51a823a6d497768ccfc5,d00678dfc711cb05b5292701ae4fd18ebdf1f865e4192359311df475aa732cb1,https://github.com/frankxue831/gm-crypto-rs/actions/runs/34440373091/job/102753968861,-0.00724,-0.00432,+0.00618,+0.00721,-0.00525,-0.01179,-0.01164,+0.03037,+0.02656,-0.01064,-0.28059,-0.10595,-0.14525,-0.10474,-0.20669,+0.01018,-0.01178,+0.08289,+0.25613,+0.27511,+0.01230,-0.00750,+0.02506,+0.00214,-0.00784,,,,,,+141.75806,+156.04504,+159.84003,+153.47257,+111.74674
34440373091,1,2026-09-10T05:15:53Z,6fa066de2505423e8d146835b78454b86609a13c,schedule,success,102753968941,success,default,crypto-bigint-scalar,AMD EPYC 7763 64-Core Processor,AMD EPYC 7763 64-Core Processor,ubuntu-24.04,20260907.300.1,6.17.0-1022-azure,rustc 1.98.1 (48a229cea 2026-09-01),cargo 1.98.1 (797e8a9bc 2026-08-05),100000,80,14,missing_target:ct_sm4_cbc_decrypt_fanout,d3bff35619fd9b017f90e2da8c578904f424da717953e4659bb83d52727ad316,1c101a246b7b58e37aca6bae67c9bc2b4ffad2f37cde51a823a6d497768ccfc5,8821c0c9dc3172881ec0fba2e313df43dead4105669a6a81b36636aaeda3f9fa,https://github.com/frankxue831/gm-crypto-rs/actions/runs/34440373091/job/102753968941,+0.01117,+0.01199,+0.01471,+0.01212,-0.00620,+0.00777,-0.01688,+0.03403,+0.01307,+0.02981,-0.24689,-0.18744,-0.18316,-0.19441,-0.19635,-0.01904,+0.02815,+0.29700,-0.01120,+0.30584,+0.00618,-0.00617,-0.00716,+0.01038,-0.00431,,,,,,+137.87106,+122.10730,+103.29205,+121.81923,+123.94666
34440373091,1,2026-09-10T05:15:53Z,6fa066de2505423e8d146835b78454b86609a13c,schedule,success,102753968951,success,"sm4-bitsliced-simd,sm4-aead,sm4-xts,sm2-key-exchange,tlcp","sm4-bitsliced-simd,sm4-aead,sm4-xts,sm2-key-exchange,tlcp,crypto-bigint-scalar",AMD EPYC 7763 64-Core Processor,AMD EPYC 7763 64-Core Processor,ubuntu-24.04,20260907.300.1,6.17.0-1022-azure,rustc 1.98.1 (48a229cea 2026-09-01),cargo 1.98.1 (797e8a9bc 2026-08-05),100000,120,22,,d3bff35619fd9b017f90e2da8c578904f424da717953e4659bb83d52727ad316,1c101a246b7b58e37aca6bae67c9bc2b4ffad2f37cde51a823a6d497768ccfc5,f29f5cbfc21b713bf6d8213905eca21b0f4e579dc4aad56d2c40c16f98087152,https://github.com/frankxue831/gm-crypto-rs/actions/runs/34440373091/job/102753968951,-0.00650,+0.20465,-0.00617,-0.00700,+0.00658,+0.06096,+0.02865,-0.02728,+0.03773,+0.02550,-0.18422,-0.13733,-0.24283,-0.15112,-0.14859,-0.02363,+0.39548,-0.07557,+0.40152,+0.38084,-0.00350,-0.00655,+0.00658,-0.00516,+0.00705,-0.01353,+0.02409,+0.06133,-0.01464,-0.02512,+180.01089,+168.62423,+167.90186,+156.86735,+159.77128
34565283745,1,2026-09-11T05:15:50Z,6fa066de2505423e8d146835b78454b86609a13c,schedule,success,103156032479,success,"sm4-bitsliced-simd,sm4-aead,sm4-xts,sm2-key-exchange,tlcp","sm4-bitsliced-simd,sm4-aead,sm4-xts,sm2-key-exchange,tlcp,crypto-bigint-scalar",AMD EPYC 7763 64-Core Processor,AMD EPYC 7763 64-Core Processor,ubuntu-24.04,20260907.300.1,6.17.0-1022-azure,rustc 1.98.1 (48a229cea 2026-09-01),cargo 1.98.1 (797e8a9bc 2026-08-05),100000,120,22,,ffc898b25089b74b00257ee83e9bf2845b6b7b929a263c025ef9ea3c53254ec5,4e30e8d098e795e9c7883a7c31229e769f62c28237fcd9bf2b84fc78f86729d8,2b488a6e4cfbb2220c9cd5b353f2d724bfa75f0f019855a58294e100edef1b33,https://github.com/frankxue831/gm-crypto-rs/actions/runs/34565283745/job/103156032479,+0.00879,-0.00683,-0.00718,-0.00536,+0.00639,-0.01478,-0.02658,-0.02998,-0.02582,+0.00726,-0.16008,-0.15997,-0.17443,-0.18911,-0.15976,+0.00875,-0.06830,-0.07211,-0.07021,-0.08291,+0.00538,+0.00529,+0.00273,-0.00485,-0.00441,+0.02267,-0.03286,-0.03093,-0.06697,-0.02008,+159.02185,+174.14113,+172.57235,+137.63702,+116.47655
34565283745,1,2026-09-11T05:15:50Z,6fa066de2505423e8d146835b78454b86609a13c,schedule,success,103156032593,success,sm4-bitsliced,"sm4-bitsliced,crypto-bigint-scalar",AMD EPYC 9V45 96-Core Processor,AMD EPYC 9V45 96-Core Processor,ubuntu-24.04,20260907.300.1,6.17.0-1022-azure,rustc 1.98.1 (48a229cea 2026-09-01),cargo 1.98.1 (797e8a9bc 2026-08-05),100000,80,14,missing_target:ct_sm4_cbc_decrypt_fanout,ffc898b25089b74b00257ee83e9bf2845b6b7b929a263c025ef9ea3c53254ec5,4e30e8d098e795e9c7883a7c31229e769f62c28237fcd9bf2b84fc78f86729d8,830a9026084891414cf81a6c17967e819f2d7b1a24e95228b533e639a8eb1de2,https://github.com/frankxue831/gm-crypto-rs/actions/runs/34565283745/job/103156032593,-0.01310,-0.03135,-0.02448,-0.02119,+0.00770,-0.01052,-0.01378,+0.03985,-0.02765,-0.02165,-0.07629,-0.09069,-0.06592,-0.09347,-0.10226,-0.00775,-0.02110,+0.00965,-0.01580,+0.00621,-0.00330,-0.00311,-0.00362,-0.00401,-0.00130,,,,,,+449.91017,+302.00905,+422.58662,+578.99018,+256.83641
34565283745,1,2026-09-11T05:15:50Z,6fa066de2505423e8d146835b78454b86609a13c,schedule,success,103156032686,success,sm4-bitsliced-simd,"sm4-bitsliced-simd,crypto-bigint-scalar",Intel(R) Xeon(R) 6973P-C,Intel(R) Xeon(R) 6973P-C,ubuntu-24.04,20260907.300.1,6.17.0-1022-azure,rustc 1.98.1 (48a229cea 2026-09-01),cargo 1.98.1 (797e8a9bc 2026-08-05),100000,90,16,,ffc898b25089b74b00257ee83e9bf2845b6b7b929a263c025ef9ea3c53254ec5,4e30e8d098e795e9c7883a7c31229e769f62c28237fcd9bf2b84fc78f86729d8,d2e42ba8ca217f46901a4b4612bcbdb32ed34adb63aa87ede7f9293ef2bb45a4,https://github.com/frankxue831/gm-crypto-rs/actions/runs/34565283745/job/103156032686,-0.01600,+0.01021,-0.01470,-0.01405,-0.00632,+0.01667,-0.02591,-0.00927,-0.01546,-0.00777,-0.03294,-0.02841,-0.02900,-0.03138,-0.03261,+0.14480,-0.13907,-0.01670,-0.01733,-0.00748,-0.00651,-0.00416,-0.04531,-0.00391,-0.00730,+0.00927,+0.01504,+0.01315,+0.01422,+0.01661,+64.94318,+62.87626,+65.07199,+62.65962,+65.22697
34565283745,1,2026-09-11T05:15:50Z,6fa066de2505423e8d146835b78454b86609a13c,schedule,success,103156032689,success,default,crypto-bigint-scalar,AMD EPYC 7763 64-Core Processor,AMD EPYC 7763 64-Core Processor,ubuntu-24.04,20260907.300.1,6.17.0-1022-azure,rustc 1.98.1 (48a229cea 2026-09-01),cargo 1.98.1 (797e8a9bc 2026-08-05),100000,80,14,missing_target:ct_sm4_cbc_decrypt_fanout,ffc898b25089b74b00257ee83e9bf2845b6b7b929a263c025ef9ea3c53254ec5,4e30e8d098e795e9c7883a7c31229e769f62c28237fcd9bf2b84fc78f86729d8,ba948078e15d163339643dd8d0494b3c6da547500eb21a25e298612090d48195,https://github.com/frankxue831/gm-crypto-rs/actions/runs/34565283745/job/103156032689,-0.00607,-0.00535,+0.00449,+0.00907,+0.00984,+0.02939,+0.02735,+0.04262,-0.02109,-0.01228,-0.18446,-0.16473,-0.27506,-0.18414,-0.24989,+0.36402,+0.31400,-0.02971,+0.02550,-0.01186,+0.00975,-0.00559,-0.00450,-0.00459,-0.01985,,,,,,+110.42034,+131.73010,+131.27299,+109.59275,+145.42808
34675077768,1,2026-09-12T05:14:34Z,6fa066de2505423e8d146835b78454b86609a13c,schedule,success,103503375709,success,sm4-bitsliced,"sm4-bitsliced,crypto-bigint-scalar",AMD EPYC 9V74 80-Core Processor,AMD EPYC 9V74 80-Core Processor,ubuntu-24.04,20260907.300.1,6.17.0-1022-azure,rustc 1.98.1 (48a229cea 2026-09-01),cargo 1.98.1 (797e8a9bc 2026-08-05),100000,80,14,missing_target:ct_sm4_cbc_decrypt_fanout,3d9abb98a2c561c28ab539379f721d88103a5dba7083852ef0de1f3aac5caade,66dc0e3414a3d88dccd2475208e5235a6a7b7f6f414f235cc768fa7dbf3e3558,0c13e381b38d13d9aeba88536f48c2e7f18579e496105e08c9495ec4e54f49ca,https://github.com/frankxue831/gm-crypto-rs/actions/runs/34675077768/job/103503375709,+0.03052,-0.46693,-0.23762,-0.00762,-0.14665,-0.10808,-0.06720,-0.24770,+0.14482,-0.45027,-0.18400,-0.18928,-0.24539,-0.14987,-0.09715,+0.02120,+0.01317,+0.00689,+0.01535,-0.00448,+0.00104,-0.00612,+0.00361,+0.00738,-0.00482,,,,,,+76.39681,+83.10154,+81.09892,+84.64523,+75.09932
34675077768,1,2026-09-12T05:14:34Z,6fa066de2505423e8d146835b78454b86609a13c,schedule,success,103503375780,success,default,crypto-bigint-scalar,INTEL(R) XEON(R) PLATINUM 8573C,INTEL(R) XEON(R) PLATINUM 8573C,ubuntu-24.04,20260907.300.1,6.17.0-1022-azure,rustc 1.98.1 (48a229cea 2026-09-01),cargo 1.98.1 (797e8a9bc 2026-08-05),100000,80,14,missing_target:ct_sm4_cbc_decrypt_fanout,3d9abb98a2c561c28ab539379f721d88103a5dba7083852ef0de1f3aac5caade,66dc0e3414a3d88dccd2475208e5235a6a7b7f6f414f235cc768fa7dbf3e3558,a16e93d0857df414c486ec2fbb516c7bccce8d26491c804e684354af5e1f2e40,https://github.com/frankxue831/gm-crypto-rs/actions/runs/34675077768/job/103503375780,+0.00632,+0.00656,-0.00621,+0.00501,+0.00553,-0.04140,+0.01481,+0.04379,-0.04652,-0.07310,-0.03579,-0.02506,-0.03328,-0.02466,-0.03024,-0.07214,-0.00647,+0.07124,-0.05858,-0.08158,+0.00954,+0.00866,+0.00561,+0.00724,-0.00645,,,,,,+60.64871,+58.79471,+61.98560,+60.74674,+58.02725
34675077768,1,2026-09-12T05:14:34Z,6fa066de2505423e8d146835b78454b86609a13c,schedule,success,103503375800,success,"sm4-bitsliced-simd,sm4-aead,sm4-xts,sm2-key-exchange,tlcp","sm4-bitsliced-simd,sm4-aead,sm4-xts,sm2-key-exchange,tlcp,crypto-bigint-scalar",AMD EPYC 9V74 80-Core Processor,AMD EPYC 9V74 80-Core Processor,ubuntu-24.04,20260907.300.1,6.17.0-1022-azure,rustc 1.98.1 (48a229cea 2026-09-01),cargo 1.98.1 (797e8a9bc 2026-08-05),100000,120,22,,3d9abb98a2c561c28ab539379f721d88103a5dba7083852ef0de1f3aac5caade,66dc0e3414a3d88dccd2475208e5235a6a7b7f6f414f235cc768fa7dbf3e3558,87ee195a399fa00e873051ac301791e2cc024fe54f7715d78cb78373136e3ec0,https://github.com/frankxue831/gm-crypto-rs/actions/runs/34675077768/job/103503375800,-0.09787,-0.05055,-0.19460,-0.02644,-0.31747,-0.08991,+0.13626,-0.14130,+0.05983,-0.51661,-0.17624,-0.15247,-0.17694,-0.18843,-0.15623,+0.01639,+0.01269,+0.01562,+0.01193,+0.01857,-0.00363,-0.01886,+0.00817,-0.01388,-0.02931,+0.12957,+0.02527,+0.09747,+0.13444,+0.11853,+90.82913,+73.97426,+93.18904,+70.06941,+70.77763
34675077768,1,2026-09-12T05:14:34Z,6fa066de2505423e8d146835b78454b86609a13c,schedule,success,103503375842,success,sm4-bitsliced-simd,"sm4-bitsliced-simd,crypto-bigint-scalar",AMD EPYC 7763 64-Core Processor,AMD EPYC 7763 64-Core Processor,ubuntu-24.04,20260907.300.1,6.17.0-1022-azure,rustc 1.98.1 (48a229cea 2026-09-01),cargo 1.98.1 (797e8a9bc 2026-08-05),100000,90,16,,3d9abb98a2c561c28ab539379f721d88103a5dba7083852ef0de1f3aac5caade,66dc0e3414a3d88dccd2475208e5235a6a7b7f6f414f235cc768fa7dbf3e3558,7fc011f63ef1e07229ed3b03698a8c897c2c23f1f8772ec3ce81b5b0ca7dbad8,https://github.com/frankxue831/gm-crypto-rs/actions/runs/34675077768/job/103503375842,-0.00832,+0.02851,-0.00681,-0.00530,-0.00548,-0.04094,+0.03863,-0.06486,-0.04339,-0.06010,-0.19522,-0.19021,-0.14363,-0.16808,-0.15975,+0.27366,-0.07779,+0.31857,+0.32237,+0.31607,+0.00609,+0.00798,+0.00782,+0.00568,-0.00657,-0.01046,+0.00808,-0.00821,-0.01486,+0.00621,+171.73824,+168.78506,+132.06151,+140.37281,+178.63046
34739818248,1,2026-09-13T05:14:43Z,6fa066de2505423e8d146835b78454b86609a13c,schedule,success,103677508974,success,sm4-bitsliced,"sm4-bitsliced,crypto-bigint-scalar",AMD EPYC 9V74 80-Core Processor,AMD EPYC 9V74 80-Core Processor,ubuntu-24.04,20260907.300.1,6.17.0-1022-azure,rustc 1.98.1 (48a229cea 2026-09-01),cargo 1.98.1 (797e8a9bc 2026-08-05),100000,80,14,missing_target:ct_sm4_cbc_decrypt_fanout,9e6c34c3b83cddbf0f38ca17a7ae7a0332db72e0d543ff43039ea7746dc047ab,070acfc14e24dca473661971ae9e6f0232a0d64fd174cca9bf889ef79d801905,7f40dc593a92046e2046529af50da198c6d2c43f70feb0e445a36252db6cfc4d,https://github.com/frankxue831/gm-crypto-rs/actions/runs/34739818248/job/103677508974,-0.22631,-0.38171,-0.14317,-0.15554,-0.05206,-0.06783,-0.35782,+0.03644,-0.39570,-0.14643,-0.18345,-0.21011,-0.20136,-0.16245,-0.18121,-0.00656,+0.00576,+0.00672,+0.02356,+0.01370,-0.00765,+0.01366,+0.00268,+0.00274,+0.00814,,,,,,+78.31110,+80.28450,+82.11854,+85.05606,+79.82897
34739818248,1,2026-09-13T05:14:43Z,6fa066de2505423e8d146835b78454b86609a13c,schedule,success,103677509042,success,"sm4-bitsliced-simd,sm4-aead,sm4-xts,sm2-key-exchange,tlcp","sm4-bitsliced-simd,sm4-aead,sm4-xts,sm2-key-exchange,tlcp,crypto-bigint-scalar",AMD EPYC 7763 64-Core Processor,AMD EPYC 7763 64-Core Processor,ubuntu-24.04,20260907.300.1,6.17.0-1022-azure,rustc 1.98.1 (48a229cea 2026-09-01),cargo 1.98.1 (797e8a9bc 2026-08-05),100000,120,22,,9e6c34c3b83cddbf0f38ca17a7ae7a0332db72e0d543ff43039ea7746dc047ab,070acfc14e24dca473661971ae9e6f0232a0d64fd174cca9bf889ef79d801905,03aa76eb547995cd910b4f94eb30a5ec4951171b90a96583127ffe6b5edaf6b8,https://github.com/frankxue831/gm-crypto-rs/actions/runs/34739818248/job/103677509042,+0.00582,+0.00478,-0.01009,+0.01695,-0.00524,-0.03597,-0.02758,-0.00611,-0.00781,-0.03131,-0.22768,-0.24570,-0.18356,-0.21971,-0.26100,-0.02586,-0.06357,-0.03063,-0.04355,-0.06614,+0.00812,+0.00621,+0.00413,-0.00449,-0.00488,-0.01122,-0.01213,-0.01361,-0.04176,-0.07136,+167.84471,+162.61700,+190.44374,+193.47473,+175.40310
34739818248,1,2026-09-13T05:14:43Z,6fa066de2505423e8d146835b78454b86609a13c,schedule,success,103677509045,success,default,crypto-bigint-scalar,AMD EPYC 9V74 80-Core Processor,AMD EPYC 9V74 80-Core Processor,ubuntu-24.04,20260907.300.1,6.17.0-1022-azure,rustc 1.98.1 (48a229cea 2026-09-01),cargo 1.98.1 (797e8a9bc 2026-08-05),100000,80,14,missing_target:ct_sm4_cbc_decrypt_fanout,9e6c34c3b83cddbf0f38ca17a7ae7a0332db72e0d543ff43039ea7746dc047ab,070acfc14e24dca473661971ae9e6f0232a0d64fd174cca9bf889ef79d801905,476e48365b283faaec6bfb46fcbe579eb93793c4a32a3537025d114965ee187e,https://github.com/frankxue831/gm-crypto-rs/actions/runs/34739818248/job/103677509045,-0.18522,-0.08627,-0.03941,-0.05794,-0.12493,-0.24406,+0.01905,+0.07667,-0.28161,-0.27766,-0.16892,-0.17956,-0.14882,-0.21823,-0.22252,+0.00800,+0.00853,+0.00805,+0.03014,+0.00556,+0.00680,-0.00380,+0.00966,+0.00267,-0.00649,,,,,,+129.79534,+73.65342,+76.25780,+76.69446,+71.33573
34739818248,1,2026-09-13T05:14:43Z,6fa066de2505423e8d146835b78454b86609a13c,schedule,success,103677509081,success,sm4-bitsliced-simd,"sm4-bitsliced-simd,crypto-bigint-scalar",AMD EPYC 7763 64-Core Processor,AMD EPYC 7763 64-Core Processor,ubuntu-24.04,20260907.300.1,6.17.0-1022-azure,rustc 1.98.1 (48a229cea 2026-09-01),cargo 1.98.1 (797e8a9bc 2026-08-05),100000,90,16,,9e6c34c3b83cddbf0f38ca17a7ae7a0332db72e0d543ff43039ea7746dc047ab,070acfc14e24dca473661971ae9e6f0232a0d64fd174cca9bf889ef79d801905,202b5ba0fdfc7b2709692a1ab35b432def4ce93bd3c574f9f8c7573a7f128c0f,https://github.com/frankxue831/gm-crypto-rs/actions/runs/34739818248/job/103677509081,-0.00518,-0.00590,+0.02536,-0.00452,+0.00488,+0.00714,-0.00469,+0.03270,-0.03073,+0.00894,-0.24635,-0.14943,-0.18190,-0.14110,-0.16023,-0.01725,-0.01201,-0.01033,+0.34465,-0.01711,-0.00757,+0.01187,-0.00584,-0.02139,+0.00312,+0.00863,-0.01491,+0.00529,-0.00892,-0.01592,+140.19347,+167.32685,+84.06308,+186.35105,+185.42486
34809085914,1,2026-09-14T05:17:23Z,6fa066de2505423e8d146835b78454b86609a13c,schedule,success,103866628200,success,"sm4-bitsliced-simd,sm4-aead,sm4-xts,sm2-key-exchange,tlcp","sm4-bitsliced-simd,sm4-aead,sm4-xts,sm2-key-exchange,tlcp,crypto-bigint-scalar",AMD EPYC 7763 64-Core Processor,AMD EPYC 7763 64-Core Processor,ubuntu-24.04,20260907.300.1,6.17.0-1022-azure,rustc 1.98.1 (48a229cea 2026-09-01),cargo 1.98.1 (797e8a9bc 2026-08-05),100000,120,22,,6ae92b257fcdb0f1295a4ebdc3607c98cf543526ba1ea16a94341fcd50b93a29,9cb7e01bd1467f425255eeea827b869b4da75d7e1d554cb972c34a26e468a567,813119ae622809e0ff4ebd4e4940528d3a4997c220141db9050d593877bc57ce,https://github.com/frankxue831/gm-crypto-rs/actions/runs/34809085914/job/103866628200,+0.00740,+0.00575,-0.01648,-0.00585,+0.00670,+0.01142,-0.02684,+0.00654,+0.02954,+0.03064,-0.15299,-0.20167,-0.26153,-0.18802,-0.17115,-0.01240,-0.08031,-0.02779,+0.40648,+0.39290,+0.00665,+0.00290,-0.00366,-0.00586,+0.00424,+0.03912,+0.01563,-0.08927,+0.02507,-0.01468,+166.73221,+179.08411,+125.89454,+168.41450,+129.79419
34809085914,1,2026-09-14T05:17:23Z,6fa066de2505423e8d146835b78454b86609a13c,schedule,success,103866628347,success,sm4-bitsliced-simd,"sm4-bitsliced-simd,crypto-bigint-scalar",AMD EPYC 7763 64-Core Processor,AMD EPYC 7763 64-Core Processor,ubuntu-24.04,20260907.300.1,6.17.0-1022-azure,rustc 1.98.1 (48a229cea 2026-09-01),cargo 1.98.1 (797e8a9bc 2026-08-05),100000,90,16,,6ae92b257fcdb0f1295a4ebdc3607c98cf543526ba1ea16a94341fcd50b93a29,9cb7e01bd1467f425255eeea827b869b4da75d7e1d554cb972c34a26e468a567,fc090cc3b9b8f2ba7d2141591ae9319ca3229e263dccc5f137969d808dcd05bd,https://github.com/frankxue831/gm-crypto-rs/actions/runs/34809085914/job/103866628347,-0.01520,+0.00638,+0.00495,-0.01256,-0.00667,+0.00658,-0.04420,-0.03013,-0.00749,-0.04019,-0.24645,-0.17794,-0.18773,-0.26382,-0.19815,+0.01555,+0.29202,-0.01237,-0.03129,+0.30505,+0.00189,-0.00580,-0.00715,-0.00395,-0.00208,+0.07051,-0.04269,+0.03535,+0.07776,-0.00662,+187.56181,+186.59549,+186.90738,+166.68469,+124.13877
34809085914,1,2026-09-14T05:17:23Z,6fa066de2505423e8d146835b78454b86609a13c,schedule,success,103866628369,success,sm4-bitsliced,"sm4-bitsliced,crypto-bigint-scalar",Intel(R) Xeon(R) Platinum 8370C CPU @ 2.80GHz,Intel(R) Xeon(R) Platinum 8370C CPU @ 2.80GHz,ubuntu-24.04,20260907.300.1,6.17.0-1022-azure,rustc 1.98.1 (48a229cea 2026-09-01),cargo 1.98.1 (797e8a9bc 2026-08-05),100000,80,14,missing_target:ct_sm4_cbc_decrypt_fanout,6ae92b257fcdb0f1295a4ebdc3607c98cf543526ba1ea16a94341fcd50b93a29,9cb7e01bd1467f425255eeea827b869b4da75d7e1d554cb972c34a26e468a567,02f0c71c0b532240a4b7c9d5dec3c9460d7bc44922d9c0a8325f7def387dfd1c,https://github.com/frankxue831/gm-crypto-rs/actions/runs/34809085914/job/103866628369,-0.01205,-0.01477,+0.03162,+0.00855,-0.00914,+0.05051,+0.03262,+0.05502,+0.03816,+0.02723,-0.17810,-0.17279,-0.16442,-0.17633,-0.17827,+0.01825,+0.01259,+0.01577,+0.02528,+0.01158,-0.02032,+0.00904,-0.00686,-0.00614,+0.00531,,,,,,+30.12077,+29.64620,+111.56242,+30.56262,+25.40323
34809085914,1,2026-09-14T05:17:23Z,6fa066de2505423e8d146835b78454b86609a13c,schedule,success,103866628463,success,default,crypto-bigint-scalar,AMD EPYC 7763 64-Core Processor,AMD EPYC 7763 64-Core Processor,ubuntu-24.04,20260907.300.1,6.17.0-1022-azure,rustc 1.98.1 (48a229cea 2026-09-01),cargo 1.98.1 (797e8a9bc 2026-08-05),100000,80,14,missing_target:ct_sm4_cbc_decrypt_fanout,6ae92b257fcdb0f1295a4ebdc3607c98cf543526ba1ea16a94341fcd50b93a29,9cb7e01bd1467f425255eeea827b869b4da75d7e1d554cb972c34a26e468a567,927f7ab98b1fda1cbeff6fbae2312b9c6292840334a25380bedd5186787b7367,https://github.com/frankxue831/gm-crypto-rs/actions/runs/34809085914/job/103866628463,+0.00694,+0.00818,-0.00655,-0.00611,-0.00737,-0.01625,-0.02913,-0.02037,-0.03288,+0.02558,-0.19844,-0.14684,-0.10590,-0.15210,-0.21008,+0.01034,-0.04078,+0.02978,-0.01354,-0.03496,-0.00856,-0.00343,+0.00706,-0.00326,-0.00440,,,,,,+108.07564,+144.04067,+138.77885,+118.62517,+140.58640
34932098564,1,2026-09-15T05:16:46Z,6fa066de2505423e8d146835b78454b86609a13c,schedule,success,104262260248,success,default,crypto-bigint-scalar,AMD EPYC 7763 64-Core Processor,AMD EPYC 7763 64-Core Processor,ubuntu-24.04,20260907.300.1,6.17.0-1022-azure,rustc 1.98.1 (48a229cea 2026-09-01),cargo 1.98.1 (797e8a9bc 2026-08-05),100000,80,14,missing_target:ct_sm4_cbc_decrypt_fanout,b7c7e17827894f0919a91618e7a7b2d9198933f53dde6666a716dfda02f2877a,e184296cf6190db7f6f13b0c6b66ed8ed377b9c3c633e1208102c6173c75a289,a88edaf465b6fb3cdb88ea95a91632f7b6480397f7b9a277889040e66b8389e6,https://github.com/frankxue831/gm-crypto-rs/actions/runs/34932098564/job/104262260248,+0.00518,+0.00824,+0.00594,-0.00401,+0.01217,+0.02802,+0.02658,-0.00500,+0.02278,+0.02888,-0.22935,-0.17592,-0.26999,-0.18491,-0.18081,+0.00887,+0.30304,+0.03104,+0.29737,+0.32636,-0.00538,-0.00848,+0.00414,+0.00812,+0.00948,,,,,,+101.39067,+108.43757,+100.59750,+124.83707,+127.16774
34932098564,1,2026-09-15T05:16:46Z,6fa066de2505423e8d146835b78454b86609a13c,schedule,success,104262260420,success,sm4-bitsliced,"sm4-bitsliced,crypto-bigint-scalar",AMD EPYC 7763 64-Core Processor,AMD EPYC 7763 64-Core Processor,ubuntu-24.04,20260907.300.1,6.17.0-1022-azure,rustc 1.98.1 (48a229cea 2026-09-01),cargo 1.98.1 (797e8a9bc 2026-08-05),100000,80,14,missing_target:ct_sm4_cbc_decrypt_fanout,b7c7e17827894f0919a91618e7a7b2d9198933f53dde6666a716dfda02f2877a,e184296cf6190db7f6f13b0c6b66ed8ed377b9c3c633e1208102c6173c75a289,6ad4f70399c9783183c39975f5b84e48d25675ab62d94fbd6b44281d28b44a1e,https://github.com/frankxue831/gm-crypto-rs/actions/runs/34932098564/job/104262260420,-0.03765,-0.00687,-0.02119,-0.01131,-0.01395,+0.02498,-0.00642,-0.01881,+0.01212,-0.00782,-0.32032,-0.37640,-0.21015,-0.30912,-0.29357,-0.00702,-0.00878,+0.01263,+0.23527,+0.21781,-0.00860,+0.00730,-0.02284,-0.00763,+0.00357,,,,,,+160.42386,+143.47807,+153.00356,+159.40231,+163.12538
34932098564,1,2026-09-15T05:16:46Z,6fa066de2505423e8d146835b78454b86609a13c,schedule,success,104262260426,success,sm4-bitsliced-simd,"sm4-bitsliced-simd,crypto-bigint-scalar",AMD EPYC 9V74 80-Core Processor,AMD EPYC 9V74 80-Core Processor,ubuntu-24.04,20260907.300.1,6.17.0-1022-azure,rustc 1.98.1 (48a229cea 2026-09-01),cargo 1.98.1 (797e8a9bc 2026-08-05),100000,90,16,,b7c7e17827894f0919a91618e7a7b2d9198933f53dde6666a716dfda02f2877a,e184296cf6190db7f6f13b0c6b66ed8ed377b9c3c633e1208102c6173c75a289,220bbda2a7a804960471dd210d80bb5d93220974b9d916774375cfdda686c0e0,https://github.com/frankxue831/gm-crypto-rs/actions/runs/34932098564/job/104262260426,-0.29623,-0.26268,-0.12316,-0.19249,-0.26234,-0.27530,-0.28088,-0.31452,+0.03395,-0.17227,-0.17864,-0.12840,-0.18384,-0.22616,-0.17219,+0.01378,+0.01015,+0.00474,-0.00858,+0.01399,-0.00366,-0.01507,+0.00781,-0.00260,-0.00517,+0.19510,+0.05549,-0.14812,+0.10615,+0.07848,+80.62920,+70.02441,+79.35963,+76.46896,+79.69131
34932098564,1,2026-09-15T05:16:46Z,6fa066de2505423e8d146835b78454b86609a13c,schedule,success,104262260479,success,"sm4-bitsliced-simd,sm4-aead,sm4-xts,sm2-key-exchange,tlcp","sm4-bitsliced-simd,sm4-aead,sm4-xts,sm2-key-exchange,tlcp,crypto-bigint-scalar",AMD EPYC 7763 64-Core Processor,AMD EPYC 7763 64-Core Processor,ubuntu-24.04,20260907.300.1,6.17.0-1022-azure,rustc 1.98.1 (48a229cea 2026-09-01),cargo 1.98.1 (797e8a9bc 2026-08-05),100000,120,22,,b7c7e17827894f0919a91618e7a7b2d9198933f53dde6666a716dfda02f2877a,e184296cf6190db7f6f13b0c6b66ed8ed377b9c3c633e1208102c6173c75a289,ba0285cf15e323e7b42a88d5b80a7a0f265e9fee6a7674facab26ffd3c1f1763,https://github.com/frankxue831/gm-crypto-rs/actions/runs/34932098564/job/104262260479,-0.00554,+0.00868,-0.00773,-0.01309,-0.01064,+0.02678,+0.00737,+0.00745,+0.00925,+0.03776,-0.12687,-0.17800,-0.22025,-0.19482,-0.13074,+0.39202,-0.00900,-0.02349,+0.02349,+0.40718,-0.00401,-0.00481,+0.00439,+0.04012,-0.01490,-0.14905,+0.01822,+0.02997,-0.02985,+0.01930,+104.36328,+160.89966,+107.49050,+131.94486,+158.94064
35058868266,1,2026-09-16T05:16:35Z,6fa066de2505423e8d146835b78454b86609a13c,schedule,success,104674721374,success,sm4-bitsliced-simd,"sm4-bitsliced-simd,crypto-bigint-scalar",AMD EPYC 7763 64-Core Processor,AMD EPYC 7763 64-Core Processor,ubuntu-24.04,20260907.300.1,6.17.0-1022-azure,rustc 1.98.1 (48a229cea 2026-09-01),cargo 1.98.1 (797e8a9bc 2026-08-05),100000,90,16,,1703579ab533ede53357f53f14c3b1bb684433af1dc2fe3d1eede156a48316cf,30e1361862a95a33efdfcf5f139afd9d10c86372ceb64f88fc1ef813f65574d3,ad1421c752f54972b929a4792bba97a75ed6ec4a3179835318bd09884fe932cd,https://github.com/frankxue831/gm-crypto-rs/actions/runs/35058868266/job/104674721374,+0.00580,+0.00747,-0.00498,-0.00558,-0.00770,+0.03032,+0.00376,+0.07783,-0.00750,-0.00620,-0.18665,-0.26503,-0.21481,-0.14407,-0.24276,+0.01953,-0.03541,-0.02563,-0.01760,-0.01423,-0.00746,-0.00911,-0.01707,-0.01311,+0.00468,-0.00417,+0.00819,+0.01096,-0.00920,-0.00917,+179.75610,+183.63236,+173.75460,+139.24652,+174.60567
35058868266,1,2026-09-16T05:16:35Z,6fa066de2505423e8d146835b78454b86609a13c,schedule,success,104674721524,success,default,crypto-bigint-scalar,AMD EPYC 9V45 96-Core Processor,AMD EPYC 9V45 96-Core Processor,ubuntu-24.04,20260907.300.1,6.17.0-1022-azure,rustc 1.98.1 (48a229cea 2026-09-01),cargo 1.98.1 (797e8a9bc 2026-08-05),100000,80,14,missing_target:ct_sm4_cbc_decrypt_fanout,1703579ab533ede53357f53f14c3b1bb684433af1dc2fe3d1eede156a48316cf,30e1361862a95a33efdfcf5f139afd9d10c86372ceb64f88fc1ef813f65574d3,0e7cc2c37f394293fbf2350b605ac473671d06ae91496635c3622a653b8b93c6,https://github.com/frankxue831/gm-crypto-rs/actions/runs/35058868266/job/104674721524,+0.02559,-0.01054,+0.00675,+0.00788,-0.00605,+0.00842,-0.01116,+0.00846,+0.00652,+0.01872,-0.17159,-0.20081,-0.22648,-0.03845,-0.02158,-0.00804,-0.02210,+0.00519,+0.00647,-0.01040,-0.00470,-0.00559,+0.00395,-0.00910,-0.00355,,,,,,+135.89631,+145.60622,+401.87288,+242.33417,+104.21816
35058868266,1,2026-09-16T05:16:35Z,6fa066de2505423e8d146835b78454b86609a13c,schedule,success,104674721553,success,sm4-bitsliced,"sm4-bitsliced,crypto-bigint-scalar",INTEL(R) XEON(R) PLATINUM 8573C,INTEL(R) XEON(R) PLATINUM 8573C,ubuntu-24.04,20260907.300.1,6.17.0-1022-azure,rustc 1.98.1 (48a229cea 2026-09-01),cargo 1.98.1 (797e8a9bc 2026-08-05),100000,80,14,missing_target:ct_sm4_cbc_decrypt_fanout,1703579ab533ede53357f53f14c3b1bb684433af1dc2fe3d1eede156a48316cf,30e1361862a95a33efdfcf5f139afd9d10c86372ceb64f88fc1ef813f65574d3,2f342f8806ccf50cb26297c7b79646defa9398d314c01cbe729ec9b8044a82c1,https://github.com/frankxue831/gm-crypto-rs/actions/runs/35058868266/job/104674721553,+0.00631,-0.00649,+0.01051,+0.01047,-0.00669,+0.04983,+0.05367,+0.00418,-0.01820,+0.05356,-0.02338,-0.03178,-0.02555,-0.02594,-0.03068,+0.06979,+0.06179,+0.00822,+0.00640,+0.08238,-0.11696,+0.02247,+0.00664,+0.00636,-0.00829,,,,,,+66.04078,+66.09371,+65.99223,+67.15847,+56.35023
35058868266,1,2026-09-16T05:16:35Z,6fa066de2505423e8d146835b78454b86609a13c,schedule,success,104674721563,success,"sm4-bitsliced-simd,sm4-aead,sm4-xts,sm2-key-exchange,tlcp","sm4-bitsliced-simd,sm4-aead,sm4-xts,sm2-key-exchange,tlcp,crypto-bigint-scalar",AMD EPYC 7763 64-Core Processor,AMD EPYC 7763 64-Core Processor,ubuntu-24.04,20260907.300.1,6.17.0-1022-azure,rustc 1.98.1 (48a229cea 2026-09-01),cargo 1.98.1 (797e8a9bc 2026-08-05),100000,120,22,,1703579ab533ede53357f53f14c3b1bb684433af1dc2fe3d1eede156a48316cf,30e1361862a95a33efdfcf5f139afd9d10c86372ceb64f88fc1ef813f65574d3,c0714ed843b63e89f53ccf66c25d1a6370c135f307fba2d4e4bfb493ed8b26ea,https://github.com/frankxue831/gm-crypto-rs/actions/runs/35058868266/job/104674721563,-0.00828,-0.00922,-0.00522,-0.00561,+0.00484,+0.00765,+0.01264,-0.00983,-0.03301,+0.00793,-0.14551,-0.18346,-0.17114,-0.25152,-0.18433,-0.06287,+0.00591,-0.01568,-0.08291,-0.01433,-0.00343,-0.02005,-0.01988,+0.01455,-0.02409,-0.19445,-0.01840,+0.03055,-0.02968,+0.03404,+117.08412,+118.59539,+171.59736,+171.30167,+126.81087
35185121870,1,2026-09-17T05:16:57Z,6fa066de2505423e8d146835b78454b86609a13c,schedule,failure,105085426488,failure,"sm4-bitsliced-simd,sm4-aead,sm4-xts,sm2-key-exchange,tlcp","sm4-bitsliced-simd,sm4-aead,sm4-xts,sm2-key-exchange,tlcp,crypto-bigint-scalar",AMD EPYC 9V74 80-Core Processor,AMD EPYC 9V74 80-Core Processor,ubuntu-24.04,20260907.300.1,6.17.0-1022-azure,rustc 1.98.1 (48a229cea 2026-09-01),cargo 1.98.1 (797e8a9bc 2026-08-05),100000,120,22,,0a543d0d702bb31c30a83451ec3b0cf23f5c72952bb561cde2e5acd3658010a1,c388d32629e88d0e0dc5abec4e7fa90bd86aa3b5db745796b433f103a17c476d,08968ef2e88d9f8b826b516637caed49ac52d3d980dbf7a9e724ea75e0c7d701,https://github.com/frankxue831/gm-crypto-rs/actions/runs/35185121870/job/105085426488,-0.28788,-0.45853,-0.14668,-0.14214,-0.34670,-0.71175,-0.24940,-0.14785,-0.61833,-0.70099,-0.16136,-0.11877,-0.17105,-0.16055,-0.17582,+0.00700,-0.01149,+0.02275,+0.01255,+0.01033,-0.00512,-0.01254,-0.01071,+0.00767,-0.00400,-0.14343,+0.11162,+0.03668,-0.08587,-0.07292,+106.80327,+71.26914,+72.57818,+79.64307,+74.56287
35185121870,1,2026-09-17T05:16:57Z,6fa066de2505423e8d146835b78454b86609a13c,schedule,failure,105085426633,success,sm4-bitsliced-simd,"sm4-bitsliced-simd,crypto-bigint-scalar",Intel(R) Xeon(R) Platinum 8370C CPU @ 2.80GHz,Intel(R) Xeon(R) Platinum 8370C CPU @ 2.80GHz,ubuntu-24.04,20260907.300.1,6.17.0-1022-azure,rustc 1.98.1 (48a229cea 2026-09-01),cargo 1.98.1 (797e8a9bc 2026-08-05),100000,90,16,,0a543d0d702bb31c30a83451ec3b0cf23f5c72952bb561cde2e5acd3658010a1,c388d32629e88d0e0dc5abec4e7fa90bd86aa3b5db745796b433f103a17c476d,bad42f7788da02fa8668bdf067fd6e0c2fd6ed6451da3e490d5ea70f11e162bd,https://github.com/frankxue831/gm-crypto-rs/actions/runs/35185121870/job/105085426633,+0.02558,+0.00987,+0.01328,+0.02678,-0.00632,+0.01061,+0.03383,+0.01427,+0.01872,-0.02006,-0.13668,-0.10516,-0.13134,-0.15396,-0.08224,+0.03399,+0.03826,-0.01952,+0.03739,-0.04517,+0.01268,-0.00615,-0.00327,-0.00742,+0.00476,-0.04126,-0.01821,+0.00517,+0.01283,-0.01302,+24.26458,+20.04942,+21.37988,+21.67041,+21.59125
35185121870,1,2026-09-17T05:16:57Z,6fa066de2505423e8d146835b78454b86609a13c,schedule,failure,105085426689,success,default,crypto-bigint-scalar,AMD EPYC 7763 64-Core Processor,AMD EPYC 7763 64-Core Processor,ubuntu-24.04,20260907.300.1,6.17.0-1022-azure,rustc 1.98.1 (48a229cea 2026-09-01),cargo 1.98.1 (797e8a9bc 2026-08-05),100000,80,14,missing_target:ct_sm4_cbc_decrypt_fanout,0a543d0d702bb31c30a83451ec3b0cf23f5c72952bb561cde2e5acd3658010a1,c388d32629e88d0e0dc5abec4e7fa90bd86aa3b5db745796b433f103a17c476d,1db5f90eda13399fa46c90e97e136f287ba08988f201ee42fee62ee465ac5bcf,https://github.com/frankxue831/gm-crypto-rs/actions/runs/35185121870/job/105085426689,-0.00740,-0.00756,+0.00611,+0.00772,-0.00880,+0.01325,+0.02438,-0.01994,-0.01799,-0.02920,-0.25366,-0.32759,-0.27631,-0.26639,-0.22723,-0.05284,-0.03079,-0.01851,-0.02477,+0.39388,+0.00437,-0.00599,-0.00633,-0.00485,-0.00632,,,,,,+172.48058,+142.21365,+154.69273,+138.36655,+122.01095
35185121870,1,2026-09-17T05:16:57Z,6fa066de2505423e8d146835b78454b86609a13c,schedule,failure,105085426753,success,sm4-bitsliced,"sm4-bitsliced,crypto-bigint-scalar",INTEL(R) XEON(R) PLATINUM 8573C,INTEL(R) XEON(R) PLATINUM 8573C,ubuntu-24.04,20260907.300.1,6.17.0-1022-azure,rustc 1.98.1 (48a229cea 2026-09-01),cargo 1.98.1 (797e8a9bc 2026-08-05),100000,80,14,missing_target:ct_sm4_cbc_decrypt_fanout,0a543d0d702bb31c30a83451ec3b0cf23f5c72952bb561cde2e5acd3658010a1,c388d32629e88d0e0dc5abec4e7fa90bd86aa3b5db745796b433f103a17c476d,7be24b74da76abccd81ce96113739f50839b281eb7a60284158051889b0652c1,https://github.com/frankxue831/gm-crypto-rs/actions/runs/35185121870/job/105085426753,-0.00701,+0.00671,+0.00633,-0.00529,+0.00634,+0.05012,+0.04483,+0.05270,-0.01665,+0.05072,-0.02497,-0.01654,-0.02202,-0.01211,-0.02577,+0.06205,+0.06454,+0.05541,+0.00888,+0.05396,-0.00610,-0.00640,+0.00829,-0.03211,-0.00809,,,,,,+66.10814,+57.37909,+57.87530,+67.72042,+59.11135
35310113091,1,2026-09-18T05:15:45Z,6fa066de2505423e8d146835b78454b86609a13c,schedule,success,105490214661,success,default,crypto-bigint-scalar,AMD EPYC 7763 64-Core Processor,AMD EPYC 7763 64-Core Processor,ubuntu-24.04,20260907.300.1,6.17.0-1022-azure,rustc 1.98.1 (48a229cea 2026-09-01),cargo 1.98.1 (797e8a9bc 2026-08-05),100000,80,14,missing_target:ct_sm4_cbc_decrypt_fanout,d2545dcd39ce0dbe2e522fe3c4cc49233de00f0d09d9bd606bb5d12e237455df,2d4341aeb1ba23d01cacf5cb9617454214559ce76ec0f119cea88e0f06e1c601,f3b2fd9b3ce6b58031ef77422063c45b122a6cf98877a89915fe5138bef47feb,https://github.com/frankxue831/gm-crypto-rs/actions/runs/35310113091/job/105490214661,-0.00800,-0.00632,-0.07775,+0.00608,-0.01106,-0.02386,-0.00563,-0.03272,-0.03370,+0.00492,-0.26893,-0.25559,-0.27851,-0.32353,-0.23053,-0.02562,-0.05658,+0.45176,+0.42559,-0.06259,+0.00379,+0.00650,-0.00368,-0.01302,-0.00268,,,,,,+170.01023,+183.12715,+154.13200,+155.19099,+185.20488
35310113091,1,2026-09-18T05:15:45Z,6fa066de2505423e8d146835b78454b86609a13c,schedule,success,105490214777,success,sm4-bitsliced-simd,"sm4-bitsliced-simd,crypto-bigint-scalar",AMD EPYC 7763 64-Core Processor,AMD EPYC 7763 64-Core Processor,ubuntu-24.04,20260907.300.1,6.17.0-1022-azure,rustc 1.98.1 (48a229cea 2026-09-01),cargo 1.98.1 (797e8a9bc 2026-08-05),100000,90,16,,d2545dcd39ce0dbe2e522fe3c4cc49233de00f0d09d9bd606bb5d12e237455df,2d4341aeb1ba23d01cacf5cb9617454214559ce76ec0f119cea88e0f06e1c601,1d2dffc73b67b5e66d972f91f25ca18ea7aadf63e20cf0b34b35b5688135b8d5,https://github.com/frankxue831/gm-crypto-rs/actions/runs/35310113091/job/105490214777,+0.00598,+0.00909,-0.03455,-0.00572,-0.00597,-0.01988,-0.03239,-0.04186,-0.02429,+0.04065,-0.13715,-0.13254,-0.10946,-0.17910,-0.20322,-0.01278,+0.31331,+0.30828,+0.31988,-0.01765,-0.00671,+0.00720,+0.00298,-0.00603,+0.00626,+0.01408,+0.01273,+0.01298,+0.03950,-0.00910,+183.20731,+179.07703,+127.00704,+169.81064,+166.89832
35310113091,1,2026-09-18T05:15:45Z,6fa066de2505423e8d146835b78454b86609a13c,schedule,success,105490214802,success,sm4-bitsliced,"sm4-bitsliced,crypto-bigint-scalar",AMD EPYC 7763 64-Core Processor,AMD EPYC 7763 64-Core Processor,ubuntu-24.04,20260907.300.1,6.17.0-1022-azure,rustc 1.98.1 (48a229cea 2026-09-01),cargo 1.98.1 (797e8a9bc 2026-08-05),100000,80,14,missing_target:ct_sm4_cbc_decrypt_fanout,d2545dcd39ce0dbe2e522fe3c4cc49233de00f0d09d9bd606bb5d12e237455df,2d4341aeb1ba23d01cacf5cb9617454214559ce76ec0f119cea88e0f06e1c601,076e267515c73ea9f0c431403245f069f28ee3f51a65565768d620de41b60d23,https://github.com/frankxue831/gm-crypto-rs/actions/runs/35310113091/job/105490214802,-0.00536,-0.40149,+0.03112,-0.00586,+0.00588,-0.02997,+0.03030,+0.02626,+0.02142,+0.02327,-0.42405,-0.30598,-0.22888,-0.17488,-0.41224,-0.01943,+0.09227,-0.00672,-0.00609,+0.00981,-0.00536,+0.40390,-0.00616,+0.00252,-0.00764,,,,,,+140.66019,+73.95656,+152.26467,+156.45026,+114.31040
35310113091,1,2026-09-18T05:15:45Z,6fa066de2505423e8d146835b78454b86609a13c,schedule,success,105490214858,success,"sm4-bitsliced-simd,sm4-aead,sm4-xts,sm2-key-exchange,tlcp","sm4-bitsliced-simd,sm4-aead,sm4-xts,sm2-key-exchange,tlcp,crypto-bigint-scalar",AMD EPYC 7763 64-Core Processor,AMD EPYC 7763 64-Core Processor,ubuntu-24.04,20260907.300.1,6.17.0-1022-azure,rustc 1.98.1 (48a229cea 2026-09-01),cargo 1.98.1 (797e8a9bc 2026-08-05),100000,120,22,,d2545dcd39ce0dbe2e522fe3c4cc49233de00f0d09d9bd606bb5d12e237455df,2d4341aeb1ba23d01cacf5cb9617454214559ce76ec0f119cea88e0f06e1c601,c24628f5c5f794474332f9584e1fe6485414a92c08fc98bf9aa4944b1af75c9f,https://github.com/frankxue831/gm-crypto-rs/actions/runs/35310113091/job/105490214858,-0.00818,-0.01291,-0.00820,-0.00546,-0.00831,+0.00618,+0.01362,+0.00949,+0.00790,+0.01040,-0.22588,-0.12277,-0.25466,-0.22041,-0.20441,-0.02365,+0.01055,-0.00728,+0.01541,+0.01284,-0.00517,+0.00665,-0.00870,-0.01777,+0.00496,-0.00724,-0.00853,-0.00717,-0.00771,+0.02158,+116.12211,+153.49149,+151.60720,+166.57834,+164.60836
35423422594,1,2026-09-19T05:14:27Z,3ecac3d54c7d4a5341a450d06b18ec7d2cf5ae2e,schedule,success,105845110506,success,sm4-bitsliced,"sm4-bitsliced,crypto-bigint-scalar",Intel(R) Xeon(R) 6973P-C,Intel(R) Xeon(R) 6973P-C,ubuntu-24.04,20260907.300.1,6.17.0-1022-azure,rustc 1.98.1 (48a229cea 2026-09-01),cargo 1.98.1 (797e8a9bc 2026-08-05),100000,80,14,missing_target:ct_sm4_cbc_decrypt_fanout,90c55d3c8f47ba2d45e5db4dd2b9aab05bb15265a0f93879e3c57aeaac5ccd08,c08defa5f052f9e7ea80740dec17717f7985817e05033007fe99f7466cc51bfa,d0995fd95c0e665aaa4abdf44629d6a85322069a0d6686f5572502c1bfc56e09,https://github.com/frankxue831/gm-crypto-rs/actions/runs/35423422594/job/105845110506,+0.01456,+0.01264,-0.00694,+0.02621,-0.00654,+0.01101,+0.01188,+0.00756,-0.01383,-0.00557,-0.03401,-0.02466,-0.03058,-0.03082,-0.03515,+0.09234,-0.01635,-0.00708,-0.01806,-0.10654,+0.01398,-0.00878,-0.00542,-0.00413,-0.04391,,,,,,+56.46835,+63.60498,+65.89677,+58.00974,+54.84598
35423422594,1,2026-09-19T05:14:27Z,3ecac3d54c7d4a5341a450d06b18ec7d2cf5ae2e,schedule,success,105845110655,success,"sm4-bitsliced-simd,sm4-aead,sm4-xts,sm2-key-exchange,tlcp","sm4-bitsliced-simd,sm4-aead,sm4-xts,sm2-key-exchange,tlcp,crypto-bigint-scalar",AMD EPYC 7763 64-Core Processor,AMD EPYC 7763 64-Core Processor,ubuntu-24.04,20260907.300.1,6.17.0-1022-azure,rustc 1.98.1 (48a229cea 2026-09-01),cargo 1.98.1 (797e8a9bc 2026-08-05),100000,120,22,,90c55d3c8f47ba2d45e5db4dd2b9aab05bb15265a0f93879e3c57aeaac5ccd08,c08defa5f052f9e7ea80740dec17717f7985817e05033007fe99f7466cc51bfa,837f4060f05a308fbfd64ae384c17b2aeea59238469cd6ce3a5aa0e25f75b6f6,https://github.com/frankxue831/gm-crypto-rs/actions/runs/35423422594/job/105845110655,-0.01078,-0.00932,-0.00678,-0.02021,-0.01083,+0.00618,+0.00802,+0.00963,-0.00555,-0.00775,-0.21984,-0.22333,-0.22785,-0.17281,-0.22260,+0.01570,+0.01022,+0.03717,+0.31628,-0.02247,-0.00542,-0.00423,+0.00422,-0.03904,+0.00907,+0.02867,-0.02054,-0.00846,+0.00615,+0.00803,+104.48325,+167.59363,+154.47667,+149.35672,+156.66930
35423422594,1,2026-09-19T05:14:27Z,3ecac3d54c7d4a5341a450d06b18ec7d2cf5ae2e,schedule,success,105845110673,success,default,crypto-bigint-scalar,AMD EPYC 7763 64-Core Processor,AMD EPYC 7763 64-Core Processor,ubuntu-24.04,20260907.300.1,6.17.0-1022-azure,rustc 1.98.1 (48a229cea 2026-09-01),cargo 1.98.1 (797e8a9bc 2026-08-05),100000,80,14,missing_target:ct_sm4_cbc_decrypt_fanout,90c55d3c8f47ba2d45e5db4dd2b9aab05bb15265a0f93879e3c57aeaac5ccd08,c08defa5f052f9e7ea80740dec17717f7985817e05033007fe99f7466cc51bfa,f69aa217a981ad2d69c30ce1c42d0d8d2de805aa3ee530127a80e0a8f52b9f44,https://github.com/frankxue831/gm-crypto-rs/actions/runs/35423422594/job/105845110673,-0.01049,+0.00576,-0.00882,-0.00617,+0.00743,-0.02647,-0.02631,+0.03310,-0.05513,+0.03241,-0.29045,-0.30094,-0.31123,-0.31134,-0.33407,-0.03930,+0.41726,-0.05901,+0.03242,-0.04110,+0.00279,-0.00330,-0.00410,-0.00632,-0.00300,,,,,,+165.80498,+117.06439,+92.50183,+115.66963,+125.42938
35423422594,1,2026-09-19T05:14:27Z,3ecac3d54c7d4a5341a450d06b18ec7d2cf5ae2e,schedule,success,105845110676,success,sm4-bitsliced-simd,"sm4-bitsliced-simd,crypto-bigint-scalar",AMD EPYC 7763 64-Core Processor,AMD EPYC 7763 64-Core Processor,ubuntu-24.04,20260907.300.1,6.17.0-1022-azure,rustc 1.98.1 (48a229cea 2026-09-01),cargo 1.98.1 (797e8a9bc 2026-08-05),100000,90,16,,90c55d3c8f47ba2d45e5db4dd2b9aab05bb15265a0f93879e3c57aeaac5ccd08,c08defa5f052f9e7ea80740dec17717f7985817e05033007fe99f7466cc51bfa,870479246438df3ceecec109474e9cdfc0f08310551d93cb8b22797eb8037e29,https://github.com/frankxue831/gm-crypto-rs/actions/runs/35423422594/job/105845110676,-0.00504,-0.00878,-0.00730,-0.00457,+0.00708,-0.01391,-0.00509,+0.04749,-0.00965,+0.02620,-0.19292,-0.19784,-0.19039,-0.22890,-0.15922,-0.01533,-0.01713,-0.02544,-0.04600,-0.02109,+0.00364,+0.00991,-0.01384,+0.00332,+0.00184,+0.01739,+0.00564,-0.00733,+0.05935,-0.08116,+178.37563,+129.09040,+155.90376,+182.62235,+177.31384
35491189311,1,2026-09-20T05:15:02Z,3ecac3d54c7d4a5341a450d06b18ec7d2cf5ae2e,schedule,success,106026293314,success,sm4-bitsliced,"sm4-bitsliced,crypto-bigint-scalar",AMD EPYC 7763 64-Core Processor,AMD EPYC 7763 64-Core Processor,ubuntu-24.04,20260907.300.1,6.17.0-1022-azure,rustc 1.98.1 (48a229cea 2026-09-01),cargo 1.98.1 (797e8a9bc 2026-08-05),100000,80,14,missing_target:ct_sm4_cbc_decrypt_fanout,347963d327118b2b6d81e1701bce002429c1aae72436e129d40d1fa581db64d0,4106c79002447fefa2344f23e25bfc08ef91658e182aa0d5575bbda1271ed47a,8bd6c779107f4b1ee580cf874b7cdc38465c3fcfc7358d5cc30aa88ee7512ffc,https://github.com/frankxue831/gm-crypto-rs/actions/runs/35491189311/job/106026293314,-0.01111,+0.00630,-0.00518,-0.01242,-0.01250,-0.00987,-0.02007,-0.02553,-0.01695,-0.01030,-0.24462,-0.31283,-0.25388,-0.27459,-0.26869,-0.00976,+0.01087,+0.03818,+0.23525,+0.24092,+0.00340,+0.02712,-0.02422,-0.00383,-0.00640,,,,,,+158.17564,+142.20215,+161.54043,+149.27571,+154.54368
35491189311,1,2026-09-20T05:15:02Z,3ecac3d54c7d4a5341a450d06b18ec7d2cf5ae2e,schedule,success,106026293354,success,sm4-bitsliced-simd,"sm4-bitsliced-simd,crypto-bigint-scalar",AMD EPYC 9V45 96-Core Processor,AMD EPYC 9V45 96-Core Processor,ubuntu-24.04,20260907.300.1,6.17.0-1022-azure,rustc 1.98.1 (48a229cea 2026-09-01),cargo 1.98.1 (797e8a9bc 2026-08-05),100000,90,16,,347963d327118b2b6d81e1701bce002429c1aae72436e129d40d1fa581db64d0,4106c79002447fefa2344f23e25bfc08ef91658e182aa0d5575bbda1271ed47a,6966013898538d4ea74ae35f2c7022beef2db9a4cae61024881be40434d3dd1c,https://github.com/frankxue831/gm-crypto-rs/actions/runs/35491189311/job/106026293354,+0.00894,-0.02159,-0.00989,-0.01586,+0.01591,-0.00971,-0.04228,-0.00937,+0.00634,+0.02522,-0.31667,-0.33786,-0.38270,-0.38511,-0.40138,+0.01131,-0.02235,-0.00745,+0.00632,-0.00530,-0.00228,-0.00616,-0.00703,-0.00608,-0.00517,+0.01451,-0.00720,+0.01686,+0.00679,-0.01355,+1414.79445,+965.75054,+1104.04673,+1369.25593,+800.95994
35491189311,1,2026-09-20T05:15:02Z,3ecac3d54c7d4a5341a450d06b18ec7d2cf5ae2e,schedule,success,106026293383,success,"sm4-bitsliced-simd,sm4-aead,sm4-xts,sm2-key-exchange,tlcp","sm4-bitsliced-simd,sm4-aead,sm4-xts,sm2-key-exchange,tlcp,crypto-bigint-scalar",AMD EPYC 9V45 96-Core Processor,AMD EPYC 9V45 96-Core Processor,ubuntu-24.04,20260907.300.1,6.17.0-1022-azure,rustc 1.98.1 (48a229cea 2026-09-01),cargo 1.98.1 (797e8a9bc 2026-08-05),100000,120,22,,347963d327118b2b6d81e1701bce002429c1aae72436e129d40d1fa581db64d0,4106c79002447fefa2344f23e25bfc08ef91658e182aa0d5575bbda1271ed47a,8736d72929f1b9e4b00d98642c52cfdf69660d58504cb2f6f790f67da6a1565c,https://github.com/frankxue831/gm-crypto-rs/actions/runs/35491189311/job/106026293383,-0.00875,-0.00920,-0.00687,-0.00622,+0.00661,-0.02538,-0.00908,-0.01280,-0.01824,-0.02157,-0.22721,-0.27237,-0.09402,-0.25536,-0.26966,-0.00258,-0.01630,-0.01324,-0.01853,+0.00865,+0.00349,-0.00410,+0.00371,+0.00637,+0.00488,-0.02850,+0.00648,-0.00823,+0.00803,+0.00691,+509.30721,+840.22916,+228.31510,+267.79906,+213.00736
35491189311,1,2026-09-20T05:15:02Z,3ecac3d54c7d4a5341a450d06b18ec7d2cf5ae2e,schedule,success,106026293430,success,default,crypto-bigint-scalar,AMD EPYC 7763 64-Core Processor,AMD EPYC 7763 64-Core Processor,ubuntu-24.04,20260907.300.1,6.17.0-1022-azure,rustc 1.98.1 (48a229cea 2026-09-01),cargo 1.98.1 (797e8a9bc 2026-08-05),100000,80,14,missing_target:ct_sm4_cbc_decrypt_fanout,347963d327118b2b6d81e1701bce002429c1aae72436e129d40d1fa581db64d0,4106c79002447fefa2344f23e25bfc08ef91658e182aa0d5575bbda1271ed47a,6c26ad54765a79c68e85090e60b36cdca9507f07bb13aae092952966c6398d8d,https://github.com/frankxue831/gm-crypto-rs/actions/runs/35491189311/job/106026293430,+0.00525,-0.01050,-0.00897,+0.04601,+0.00837,+0.04643,-0.02857,+0.00634,-0.02529,+0.01789,-0.44534,-0.31615,-0.13452,-0.16757,-0.28598,-0.02873,+0.43162,-0.04285,+0.43158,+0.43671,+0.01770,-0.00823,+0.02295,-0.00584,-0.00839,,,,,,+120.14474,+162.74836,+177.63697,+104.01830,+171.00832
35564061975,1,2026-09-21T05:17:49Z,3ecac3d54c7d4a5341a450d06b18ec7d2cf5ae2e,schedule,success,106222294402,success,"sm4-bitsliced-simd,sm4-aead,sm4-xts,sm2-key-exchange,tlcp","sm4-bitsliced-simd,sm4-aead,sm4-xts,sm2-key-exchange,tlcp,crypto-bigint-scalar",AMD EPYC 7763 64-Core Processor,AMD EPYC 7763 64-Core Processor,ubuntu-24.04,20260907.300.1,6.17.0-1022-azure,rustc 1.98.1 (48a229cea 2026-09-01),cargo 1.98.1 (797e8a9bc 2026-08-05),100000,120,22,,29d9299d86a16ce95115ed7510cc4034c9730c2fdd552f980b0b5a2021183761,0cf382e069759bd6c64c14a2d50fdffc86645fe96b3fd5a355647d8a7f0cfa4c,bc5aadd2307902167aa809b84e5e6b5149bc208062403e70e0277d064adbec42,https://github.com/frankxue831/gm-crypto-rs/actions/runs/35564061975/job/106222294402,-0.01296,-0.00533,-0.00919,-0.00586,-0.00512,-0.00746,-0.01762,+0.00813,-0.00914,+0.00876,-0.20820,-0.16213,-0.22385,-0.17063,-0.20930,+0.31661,+0.03099,-0.00497,+0.31819,-0.01154,-0.00391,+0.00512,-0.00413,-0.00520,-0.00448,+0.01949,-0.00964,+0.00841,-0.00693,-0.00633,+90.05102,+146.47075,+154.35153,+146.19675,+101.51449
35564061975,1,2026-09-21T05:17:49Z,3ecac3d54c7d4a5341a450d06b18ec7d2cf5ae2e,schedule,success,106222294462,success,default,crypto-bigint-scalar,AMD EPYC 7763 64-Core Processor,AMD EPYC 7763 64-Core Processor,ubuntu-24.04,20260907.300.1,6.17.0-1022-azure,rustc 1.98.1 (48a229cea 2026-09-01),cargo 1.98.1 (797e8a9bc 2026-08-05),100000,80,14,missing_target:ct_sm4_cbc_decrypt_fanout,29d9299d86a16ce95115ed7510cc4034c9730c2fdd552f980b0b5a2021183761,0cf382e069759bd6c64c14a2d50fdffc86645fe96b3fd5a355647d8a7f0cfa4c,d328b52421c509cbd362fcc2643c7af7cdedfa6ead04ac2a0ff016ad474513ae,https://github.com/frankxue831/gm-crypto-rs/actions/runs/35564061975/job/106222294462,-0.00869,-0.00702,-0.04169,-0.00789,-0.01768,-0.00789,+0.02989,-0.02752,-0.02171,-0.02547,-0.21441,-0.29245,-0.36640,-0.20676,-0.21697,-0.07656,-0.04055,-0.03182,+0.41028,+0.42996,-0.00335,+0.00498,+0.00958,-0.00821,+0.00623,,,,,,+184.46946,+157.26909,+168.05063,+163.61806,+160.07386
35564061975,1,2026-09-21T05:17:49Z,3ecac3d54c7d4a5341a450d06b18ec7d2cf5ae2e,schedule,success,106222294544,success,sm4-bitsliced,"sm4-bitsliced,crypto-bigint-scalar",Intel(R) Xeon(R) Platinum 8370C CPU @ 2.80GHz,Intel(R) Xeon(R) Platinum 8370C CPU @ 2.80GHz,ubuntu-24.04,20260907.300.1,6.17.0-1022-azure,rustc 1.98.1 (48a229cea 2026-09-01),cargo 1.98.1 (797e8a9bc 2026-08-05),100000,80,14,missing_target:ct_sm4_cbc_decrypt_fanout,29d9299d86a16ce95115ed7510cc4034c9730c2fdd552f980b0b5a2021183761,0cf382e069759bd6c64c14a2d50fdffc86645fe96b3fd5a355647d8a7f0cfa4c,d26c88dd22fe6606f118cf71a8592b373dd43043bc1d09ff45a8a8d3ca6437bd,https://github.com/frankxue831/gm-crypto-rs/actions/runs/35564061975/job/106222294544,+0.00515,-0.00997,-0.00559,+0.00699,-0.00687,+0.02987,+0.03813,+0.05344,+0.04175,+0.05727,-0.16420,-0.11960,-0.17856,-0.17554,-0.17985,+0.01015,+0.00928,+0.01251,+0.01772,+0.01063,+0.00619,+0.00416,+0.00464,+0.00383,-0.00735,,,,,,+23.14642,+29.65840,+30.05575,+27.74866,+28.44191
35564061975,1,2026-09-21T05:17:49Z,3ecac3d54c7d4a5341a450d06b18ec7d2cf5ae2e,schedule,success,106222294545,success,sm4-bitsliced-simd,"sm4-bitsliced-simd,crypto-bigint-scalar",AMD EPYC 9V74 80-Core Processor,AMD EPYC 9V74 80-Core Processor,ubuntu-24.04,20260907.300.1,6.17.0-1022-azure,rustc 1.98.1 (48a229cea 2026-09-01),cargo 1.98.1 (797e8a9bc 2026-08-05),100000,90,16,,29d9299d86a16ce95115ed7510cc4034c9730c2fdd552f980b0b5a2021183761,0cf382e069759bd6c64c14a2d50fdffc86645fe96b3fd5a355647d8a7f0cfa4c,55f25d8c6e3730cb37625617d880c5b9020a88e8cb1a5b904de0207b7a67a184,https://github.com/frankxue831/gm-crypto-rs/actions/runs/35564061975/job/106222294545,-0.12123,-0.01395,+0.03541,-0.03441,-0.12227,-0.26507,-0.03108,-0.02790,+0.04595,-0.17741,-0.18238,-0.17340,-0.17439,-0.15982,-0.15643,-0.00619,+0.00938,+0.00528,+0.01057,+0.01188,-0.01265,-0.00489,-0.01121,-0.00496,+0.26372,+0.04229,+0.11049,-0.13604,-0.06947,+0.14398,+100.81073,+89.33345,+86.34096,+111.21121,+106.94596
35690082778,1,2026-09-22T05:16:42Z,3ecac3d54c7d4a5341a450d06b18ec7d2cf5ae2e,schedule,success,106625003551,success,default,crypto-bigint-scalar,AMD EPYC 7763 64-Core Processor,AMD EPYC 7763 64-Core Processor,ubuntu-24.04,20260907.300.1,6.17.0-1022-azure,rustc 1.98.1 (48a229cea 2026-09-01),cargo 1.98.1 (797e8a9bc 2026-08-05),100000,80,14,missing_target:ct_sm4_cbc_decrypt_fanout,7363a2a335f14190deeecdc5951e7068aaf7a1abc2f74fca03f4d20dda0b405d,40133b633eda9192635a0762742c2098bf4c31d79df426a67ad86a62e5a26bcf,9d6bba9188a9a5efb4caf129f0692bd5553bc41e177471ec60a0f668117f2e0c,https://github.com/frankxue831/gm-crypto-rs/actions/runs/35690082778/job/106625003551,+0.03768,+0.00756,-0.00583,-0.00842,-0.00519,-0.02694,-0.02526,-0.02386,+0.02827,+0.03687,-0.39775,-0.20312,-0.20707,-0.29384,-0.26400,-0.02653,+0.35918,+0.41434,-0.04757,-0.04310,-0.00585,+0.00570,+0.00354,-0.00592,-0.00432,,,,,,+146.86693,+152.39645,+120.87382,+158.56532,+160.40789
35690082778,1,2026-09-22T05:16:42Z,3ecac3d54c7d4a5341a450d06b18ec7d2cf5ae2e,schedule,success,106625003575,success,sm4-bitsliced-simd,"sm4-bitsliced-simd,crypto-bigint-scalar",AMD EPYC 7763 64-Core Processor,AMD EPYC 7763 64-Core Processor,ubuntu-24.04,20260907.300.1,6.17.0-1022-azure,rustc 1.98.1 (48a229cea 2026-09-01),cargo 1.98.1 (797e8a9bc 2026-08-05),100000,90,16,,7363a2a335f14190deeecdc5951e7068aaf7a1abc2f74fca03f4d20dda0b405d,40133b633eda9192635a0762742c2098bf4c31d79df426a67ad86a62e5a26bcf,b84240f09329ac0134f5f6cf65a2fbef8c7d2165285001df31fa560e5c019d26,https://github.com/frankxue831/gm-crypto-rs/actions/runs/35690082778/job/106625003575,+0.01111,+0.02855,+0.02095,+0.02126,-0.04590,+0.00599,-0.00655,+0.00693,-0.00513,-0.01149,-0.26791,-0.17421,-0.19120,-0.26367,-0.25996,+0.05798,+0.28128,+0.31121,+0.32505,-0.02371,-0.00557,-0.00361,-0.03292,-0.00621,+0.01452,-0.01988,-0.00804,+0.04754,-0.01719,+0.00610,+157.16610,+153.70659,+163.21223,+159.90432,+152.15432
35690082778,1,2026-09-22T05:16:42Z,3ecac3d54c7d4a5341a450d06b18ec7d2cf5ae2e,schedule,success,106625003672,success,sm4-bitsliced,"sm4-bitsliced,crypto-bigint-scalar",AMD EPYC 7763 64-Core Processor,AMD EPYC 7763 64-Core Processor,ubuntu-24.04,20260907.300.1,6.17.0-1022-azure,rustc 1.98.1 (48a229cea 2026-09-01),cargo 1.98.1 (797e8a9bc 2026-08-05),100000,80,14,missing_target:ct_sm4_cbc_decrypt_fanout,7363a2a335f14190deeecdc5951e7068aaf7a1abc2f74fca03f4d20dda0b405d,40133b633eda9192635a0762742c2098bf4c31d79df426a67ad86a62e5a26bcf,2ffd2c18183219baedc9c4bceef3baeb02d5b795bbfea8d910ce10320a30fd74,https://github.com/frankxue831/gm-crypto-rs/actions/runs/35690082778/job/106625003672,-0.01047,-0.00711,-0.00979,-0.00888,-0.01249,-0.02204,-0.02180,+0.02672,+0.01032,+0.01325,-0.18175,-0.54067,-0.22416,-0.22009,-0.28357,-0.00474,+0.02304,+0.00893,+0.22743,+0.24802,-0.00592,-0.00711,+0.01067,-0.00190,+0.00619,,,,,,+147.77643,+157.07666,+121.05164,+151.87113,+159.87251
35690082778,1,2026-09-22T05:16:42Z,3ecac3d54c7d4a5341a450d06b18ec7d2cf5ae2e,schedule,success,106625003695,success,"sm4-bitsliced-simd,sm4-aead,sm4-xts,sm2-key-exchange,tlcp","sm4-bitsliced-simd,sm4-aead,sm4-xts,sm2-key-exchange,tlcp,crypto-bigint-scalar",AMD EPYC 7763 64-Core Processor,AMD EPYC 7763 64-Core Processor,ubuntu-24.04,20260907.300.1,6.17.0-1022-azure,rustc 1.98.1 (48a229cea 2026-09-01),cargo 1.98.1 (797e8a9bc 2026-08-05),100000,120,22,,7363a2a335f14190deeecdc5951e7068aaf7a1abc2f74fca03f4d20dda0b405d,40133b633eda9192635a0762742c2098bf4c31d79df426a67ad86a62e5a26bcf,db77a40f22520615f9a39e165c7de0eb7c403174241aedcef6e51b7e35647474,https://github.com/frankxue831/gm-crypto-rs/actions/runs/35690082778/job/106625003695,-0.01864,-0.00611,+0.00750,-0.00720,-0.00549,-0.00900,+0.01042,-0.00783,+0.00490,+0.00543,-0.21631,-0.17808,-0.23164,-0.18550,-0.21241,-0.02739,+0.31786,+0.00757,+0.30712,+0.30482,+0.00527,+0.00329,-0.00468,-0.00349,+0.00537,+0.02028,-0.01806,-0.00682,+0.00928,+0.00668,+154.90534,+159.95868,+124.61030,+139.30814,+112.15620
35821717775,1,2026-09-23T05:16:13Z,3ecac3d54c7d4a5341a450d06b18ec7d2cf5ae2e,schedule,success,107054781486,success,default,crypto-bigint-scalar,AMD EPYC 9V45 96-Core Processor,AMD EPYC 9V45 96-Core Processor,ubuntu-24.04,20260907.300.1,6.17.0-1022-azure,rustc 1.98.1 (48a229cea 2026-09-01),cargo 1.98.1 (797e8a9bc 2026-08-05),100000,80,14,missing_target:ct_sm4_cbc_decrypt_fanout,7d02a973dd617242e59ae0948b75f3138bbc3623869cff64b04a9a7378926d0a,bb8320e083290666ee6d58ce4782712fe3cb1d8012c6d4089fe1e86ee5060bcf,ef8164bdf30adc49bb9c7d935f8c268741026fec1ed200757e3cab749fbda048,https://github.com/frankxue831/gm-crypto-rs/actions/runs/35821717775/job/107054781486,+0.01180,-0.00684,+0.01677,+0.01069,+0.02584,-0.05861,-0.02429,-0.01297,-0.00908,-0.02426,-0.27137,-0.22450,-0.11881,-0.08139,-0.34009,-0.01417,-0.00995,+0.00505,+0.00696,-0.01759,+0.00351,-0.00606,-0.00282,-0.04250,+0.01244,,,,,,+418.84010,+1320.47371,+539.75326,+236.76249,+487.78532
35821717775,1,2026-09-23T05:16:13Z,3ecac3d54c7d4a5341a450d06b18ec7d2cf5ae2e,schedule,success,107054781677,success,sm4-bitsliced-simd,"sm4-bitsliced-simd,crypto-bigint-scalar",AMD EPYC 9V74 80-Core Processor,AMD EPYC 9V74 80-Core Processor,ubuntu-24.04,20260907.300.1,6.17.0-1022-azure,rustc 1.98.1 (48a229cea 2026-09-01),cargo 1.98.1 (797e8a9bc 2026-08-05),100000,90,16,,7d02a973dd617242e59ae0948b75f3138bbc3623869cff64b04a9a7378926d0a,bb8320e083290666ee6d58ce4782712fe3cb1d8012c6d4089fe1e86ee5060bcf,06f18dbb3b16e9b532e5dae72c1b5f270a46e6ddeeac7aec8d71a41a82d04594,https://github.com/frankxue831/gm-crypto-rs/actions/runs/35821717775/job/107054781677,-0.02087,-0.06754,-0.11079,-0.06822,-0.14326,+0.10305,-0.05461,-0.04639,-0.01538,-0.12271,-0.15124,-0.17509,-0.19905,-0.17575,-0.15385,+0.01199,+0.00620,-0.00862,+0.01236,+0.01266,-0.00286,-0.00396,-0.00481,+0.00498,+0.00516,+0.35879,+0.10730,+0.18269,-0.06297,+0.06817,+112.87465,+86.39052,+79.69099,+75.12499,+94.44216
35821717775,1,2026-09-23T05:16:13Z,3ecac3d54c7d4a5341a450d06b18ec7d2cf5ae2e,schedule,success,107054781725,success,sm4-bitsliced,"sm4-bitsliced,crypto-bigint-scalar",Intel(R) Xeon(R) Platinum 8370C CPU @ 2.80GHz,Intel(R) Xeon(R) Platinum 8370C CPU @ 2.80GHz,ubuntu-24.04,20260920.314.1,6.17.0-1022-azure,rustc 1.98.1 (48a229cea 2026-09-01),cargo 1.98.1 (797e8a9bc 2026-08-05),100000,80,14,missing_target:ct_sm4_cbc_decrypt_fanout,7d02a973dd617242e59ae0948b75f3138bbc3623869cff64b04a9a7378926d0a,bb8320e083290666ee6d58ce4782712fe3cb1d8012c6d4089fe1e86ee5060bcf,689c3d04f3140d67818ad3b6e0d4c95d9d3e2efd8b300787f4a1770659b2695f,https://github.com/frankxue831/gm-crypto-rs/actions/runs/35821717775/job/107054781725,-0.00579,-0.00690,-0.00733,+0.00565,+0.00962,+0.03025,+0.06010,+0.04455,+0.05909,+0.03635,-0.16650,-0.08131,-0.10032,-0.19111,-0.16819,+0.01665,+0.01832,-0.03709,+0.01129,-0.00705,+0.00681,-0.00727,+0.00747,+0.00622,+0.06463,,,,,,+31.20476,+28.82820,+28.01413,+28.68299,+27.81498
35821717775,1,2026-09-23T05:16:13Z,3ecac3d54c7d4a5341a450d06b18ec7d2cf5ae2e,schedule,success,107054781796,success,"sm4-bitsliced-simd,sm4-aead,sm4-xts,sm2-key-exchange,tlcp","sm4-bitsliced-simd,sm4-aead,sm4-xts,sm2-key-exchange,tlcp,crypto-bigint-scalar",INTEL(R) XEON(R) PLATINUM 8573C,INTEL(R) XEON(R) PLATINUM 8573C,ubuntu-24.04,20260907.300.1,6.17.0-1022-azure,rustc 1.98.1 (48a229cea 2026-09-01),cargo 1.98.1 (797e8a9bc 2026-08-05),100000,120,22,,7d02a973dd617242e59ae0948b75f3138bbc3623869cff64b04a9a7378926d0a,bb8320e083290666ee6d58ce4782712fe3cb1d8012c6d4089fe1e86ee5060bcf,172978eb131c712098ac04b5041c6f338da9a31cc647ba9ba58b5cd7061e98dc,https://github.com/frankxue831/gm-crypto-rs/actions/runs/35821717775/job/107054781796,+0.01585,-0.02018,+0.00872,+0.00644,+0.00877,-0.00823,-0.03503,-0.04785,-0.04586,+0.00953,+0.01633,+0.03030,+0.02359,+0.02258,+0.01749,+0.01025,-0.06257,-0.06811,-0.07096,-0.00820,-0.00395,+0.00432,-0.00383,-0.00576,+0.00526,+0.04103,+0.07347,+0.10312,+0.06586,+0.10379,+56.58298,+54.63794,+55.89045,+56.86526,+59.74026
35959209718,1,2026-09-24T05:16:23Z,4a7bee1736eb09d7e485a920ee4f84519ba435b5,schedule,success,107503940551,success,sm4-bitsliced-simd,"sm4-bitsliced-simd,crypto-bigint-scalar",AMD EPYC 7763 64-Core Processor,AMD EPYC 7763 64-Core Processor,ubuntu-24.04,20260907.300.1,6.17.0-1022-azure,rustc 1.98.1 (48a229cea 2026-09-01),cargo 1.98.1 (797e8a9bc 2026-08-05),100000,90,16,,714b10e74424d07f277d4c2261271517a6b28fc60a12ae5b594f8ae3df352843,202404e90f05d94a3cc563756d770349ea46a1acd0cf3c0aa4c39c379b8d79b0,ceb0297156b05d39c01ab0e8de931e0e5eed85236792ebdce22e843d9292e578,https://github.com/frankxue831/gm-crypto-rs/actions/runs/35959209718/job/107503940551,+0.07728,-0.00714,+0.01279,-0.00937,-0.00983,+0.01163,-0.00648,+0.00913,+0.01099,-0.00607,-0.24755,-0.16889,-0.22251,-0.17890,-0.21056,+0.30797,+0.31588,+0.03091,-0.01139,+0.30462,-0.00385,+0.00562,-0.02180,-0.00433,-0.01411,-0.01197,+0.00691,+0.01947,+0.00892,+0.00751,+138.91260,+141.71053,+148.87441,+144.89175,+149.97990
35959209718,1,2026-09-24T05:16:23Z,4a7bee1736eb09d7e485a920ee4f84519ba435b5,schedule,success,107503940660,success,sm4-bitsliced,"sm4-bitsliced,crypto-bigint-scalar",AMD EPYC 7763 64-Core Processor,AMD EPYC 7763 64-Core Processor,ubuntu-24.04,20260920.314.1,6.17.0-1022-azure,rustc 1.98.1 (48a229cea 2026-09-01),cargo 1.98.1 (797e8a9bc 2026-08-05),100000,80,14,missing_target:ct_sm4_cbc_decrypt_fanout,714b10e74424d07f277d4c2261271517a6b28fc60a12ae5b594f8ae3df352843,202404e90f05d94a3cc563756d770349ea46a1acd0cf3c0aa4c39c379b8d79b0,efc488de8e3ae2c18e872313b6070895237d49b7215b099d12a9582696b102c5,https://github.com/frankxue831/gm-crypto-rs/actions/runs/35959209718/job/107503940660,-0.02227,-0.01825,-0.00486,-0.00615,-0.01531,-0.01715,-0.01285,+0.01339,+0.01194,+0.01648,-0.12041,-0.12126,-0.22857,-0.18418,-0.25680,+0.00585,-0.00295,-0.00519,-0.01386,+0.23678,+0.00410,-0.00386,+0.00776,-0.00368,+0.00729,,,,,,+87.64080,+160.49515,+121.13872,+153.66122,+155.53327
35959209718,1,2026-09-24T05:16:23Z,4a7bee1736eb09d7e485a920ee4f84519ba435b5,schedule,success,107503940676,success,"sm4-bitsliced-simd,sm4-aead,sm4-xts,sm2-key-exchange,tlcp","sm4-bitsliced-simd,sm4-aead,sm4-xts,sm2-key-exchange,tlcp,crypto-bigint-scalar",AMD EPYC 7763 64-Core Processor,AMD EPYC 7763 64-Core Processor,ubuntu-24.04,20260907.300.1,6.17.0-1022-azure,rustc 1.98.1 (48a229cea 2026-09-01),cargo 1.98.1 (797e8a9bc 2026-08-05),100000,119,22,incomplete_target:noise_floor_fn_invert;malformed_result:1:noise_floor_fn_invert,714b10e74424d07f277d4c2261271517a6b28fc60a12ae5b594f8ae3df352843,202404e90f05d94a3cc563756d770349ea46a1acd0cf3c0aa4c39c379b8d79b0,b6b2318e8e440d0e014540e030d45063c1ae01bb5175cf292457627c87f6ed41,https://github.com/frankxue831/gm-crypto-rs/actions/runs/35959209718/job/107503940676,-0.00567,+0.01288,-0.00674,+0.00457,+0.00537,-0.02237,-0.00743,+0.00572,+0.02341,-0.01409,-0.28177,-0.19041,-0.19640,-0.25833,-0.24559,-0.06895,+0.00644,-0.01497,-0.06409,-0.06159,-0.00253,-0.00468,-0.00467,-0.00784,-0.00806,+0.03444,-0.08250,+0.02016,+0.01157,+0.05321,+124.85428,+151.80803,+176.89259,+165.17941,+172.37206
35959209718,1,2026-09-24T05:16:23Z,4a7bee1736eb09d7e485a920ee4f84519ba435b5,schedule,success,107503940691,success,default,crypto-bigint-scalar,AMD EPYC 9V45 96-Core Processor,AMD EPYC 9V45 96-Core Processor,ubuntu-24.04,20260920.314.1,6.17.0-1022-azure,rustc 1.98.1 (48a229cea 2026-09-01),cargo 1.98.1 (797e8a9bc 2026-08-05),100000,80,14,missing_target:ct_sm4_cbc_decrypt_fanout,714b10e74424d07f277d4c2261271517a6b28fc60a12ae5b594f8ae3df352843,202404e90f05d94a3cc563756d770349ea46a1acd0cf3c0aa4c39c379b8d79b0,66821708d95cafefb88bb1cf024a12e59b5cb4864a0a46eb6383cb6a8d37d935,https://github.com/frankxue831/gm-crypto-rs/actions/runs/35959209718/job/107503940691,+0.00897,-0.02015,+0.01027,+0.01191,-0.00758,+0.00874,-0.04662,-0.02034,-0.01862,-0.01717,-0.36196,-0.26623,-0.22880,-0.36985,-0.31875,+0.00500,-0.01265,-0.01605,+0.00361,-0.01121,+0.00495,-0.02406,+0.00554,+0.00778,-0.00516,,,,,,+1302.32915,+545.92136,+229.88643,+440.31557,+520.03651
36097870619,1,2026-09-25T05:16:29Z,4a7bee1736eb09d7e485a920ee4f84519ba435b5,schedule,success,107953855537,success,sm4-bitsliced-simd,"sm4-bitsliced-simd,crypto-bigint-scalar",AMD EPYC 9V74 80-Core Processor,AMD EPYC 9V74 80-Core Processor,ubuntu-24.04,20260920.314.1,6.17.0-1022-azure,rustc 1.98.1 (48a229cea 2026-09-01),cargo 1.98.1 (797e8a9bc 2026-08-05),100000,90,16,,43579481a1696d125a89626248ad316048cb4cc666dc4e0c33167f5f0e1b4dda,b51fc7c41a77ea68f012728e5041e99234ad858df535563db06fb9f2c093f080,361678d1228c1316dc5d78bc0367b1af167b425ff368f1a0a625b51d9bcd046a,https://github.com/frankxue831/gm-crypto-rs/actions/runs/36097870619/job/107953855537,-0.07790,+0.01425,+0.00661,-0.09958,-0.17953,-0.27448,+0.13547,+0.10787,-0.45514,-0.20793,-0.21130,-0.16663,-0.14366,-0.15895,-0.15151,+0.00829,+0.01149,+0.01689,+0.02383,+0.00893,+0.00264,-0.00720,+0.00276,+0.00396,+0.00536,+0.11431,+0.20039,+0.06143,+0.15962,+0.21301,+86.25114,+111.72140,+97.07687,+129.82025,+125.17440
36097870619,1,2026-09-25T05:16:29Z,4a7bee1736eb09d7e485a920ee4f84519ba435b5,schedule,success,107953855682,success,"sm4-bitsliced-simd,sm4-aead,sm4-xts,sm2-key-exchange,tlcp","sm4-bitsliced-simd,sm4-aead,sm4-xts,sm2-key-exchange,tlcp,crypto-bigint-scalar",AMD EPYC 7763 64-Core Processor,AMD EPYC 7763 64-Core Processor,ubuntu-24.04,20260920.314.1,6.17.0-1022-azure,rustc 1.98.1 (48a229cea 2026-09-01),cargo 1.98.1 (797e8a9bc 2026-08-05),100000,120,22,,43579481a1696d125a89626248ad316048cb4cc666dc4e0c33167f5f0e1b4dda,b51fc7c41a77ea68f012728e5041e99234ad858df535563db06fb9f2c093f080,250dd355dde001608099d58e4dce57801a29adbe185e6f6c412fbb0e4dc55f35,https://github.com/frankxue831/gm-crypto-rs/actions/runs/36097870619/job/107953855682,-0.01048,-0.02029,-0.00902,-0.00716,-0.01272,+0.01223,+0.01614,+0.01362,+0.00619,+0.01057,-0.18194,-0.19678,-0.22707,-0.23568,-0.28554,+0.00838,+0.01476,+0.00941,-0.02351,-0.00939,+0.01252,-0.00520,+0.00375,-0.00543,-0.00251,-0.01506,+0.00972,-0.04710,-0.00664,-0.04482,+176.06814,+170.05727,+98.58318,+174.09272,+166.62331
36097870619,1,2026-09-25T05:16:29Z,4a7bee1736eb09d7e485a920ee4f84519ba435b5,schedule,success,107953855716,success,default,crypto-bigint-scalar,AMD EPYC 7763 64-Core Processor,AMD EPYC 7763 64-Core Processor,ubuntu-24.04,20260920.314.1,6.17.0-1022-azure,rustc 1.98.1 (48a229cea 2026-09-01),cargo 1.98.1 (797e8a9bc 2026-08-05),100000,80,14,missing_target:ct_sm4_cbc_decrypt_fanout,43579481a1696d125a89626248ad316048cb4cc666dc4e0c33167f5f0e1b4dda,b51fc7c41a77ea68f012728e5041e99234ad858df535563db06fb9f2c093f080,0897498fa4535db2d2f3dcf009a4f4f195bd136db05e1ba8f3042dda6e1ad114,https://github.com/frankxue831/gm-crypto-rs/actions/runs/36097870619/job/107953855716,+0.01016,-0.00785,-0.01420,+0.00818,+0.00757,+0.04283,+0.01805,-0.01018,-0.01646,-0.02233,-0.24629,-0.21970,-0.20788,-0.30552,-0.24863,-0.04053,+0.00728,-0.06560,-0.03096,+0.41680,-0.01086,-0.00449,-0.00688,+0.00518,-0.00955,,,,,,+164.96210,+180.90268,+168.84116,+173.78270,+160.86221
36097870619,1,2026-09-25T05:16:29Z,4a7bee1736eb09d7e485a920ee4f84519ba435b5,schedule,success,107953855759,success,sm4-bitsliced,"sm4-bitsliced,crypto-bigint-scalar",AMD EPYC 7763 64-Core Processor,AMD EPYC 7763 64-Core Processor,ubuntu-24.04,20260920.314.1,6.17.0-1022-azure,rustc 1.98.1 (48a229cea 2026-09-01),cargo 1.98.1 (797e8a9bc 2026-08-05),100000,80,14,missing_target:ct_sm4_cbc_decrypt_fanout,43579481a1696d125a89626248ad316048cb4cc666dc4e0c33167f5f0e1b4dda,b51fc7c41a77ea68f012728e5041e99234ad858df535563db06fb9f2c093f080,dbdc77cf8dc30f44c05b92c0ddc22f994d2de74a3da8c2166f679645408851cb,https://github.com/frankxue831/gm-crypto-rs/actions/runs/36097870619/job/107953855759,+0.00660,-0.00888,+0.00519,-0.01797,+0.00433,-0.01377,-0.01074,-0.01304,+0.02569,-0.01678,-0.30750,-0.20129,-0.36876,-0.20476,-0.29440,+0.01264,+0.00563,-0.00634,+0.24101,+0.01460,-0.00860,+0.00499,-0.00713,-0.00149,+0.02309,,,,,,+148.59615,+177.51605,+116.96168,+160.58461,+142.35396
36220249568,1,2026-09-26T05:15:17Z,746b3fb32e1064a898629d16a9902df6200ed556,schedule,success,108344022018,success,"sm4-bitsliced-simd,sm4-aead,sm4-xts,sm2-key-exchange,tlcp","sm4-bitsliced-simd,sm4-aead,sm4-xts,sm2-key-exchange,tlcp,crypto-bigint-scalar",Intel(R) Xeon(R) Platinum 8370C CPU @ 2.80GHz,Intel(R) Xeon(R) Platinum 8370C CPU @ 2.80GHz,ubuntu-24.04,20260920.314.1,6.17.0-1022-azure,rustc 1.98.1 (48a229cea 2026-09-01),cargo 1.98.1 (797e8a9bc 2026-08-05),100000,120,22,,f69323c38e4af646f62b9e18ec9072e6f5cce32484d5fbd957d4051524297cca,bab6383c8e89fa6a44b96a4310dc78be402cd0fbcb4be57eaf9529c90881e330,47b492a8144324ec105464f8af04d85ddee0b3df014df889d4d9b63cf9ddf013,https://github.com/frankxue831/gm-crypto-rs/actions/runs/36220249568/job/108344022018,+0.01225,+0.01411,+0.00882,+0.01125,+0.01114,+0.04252,+0.03814,+0.03891,+0.03965,+0.04053,-0.09871,-0.09915,-0.09595,-0.10619,-0.09523,-0.03991,+0.02168,+0.02542,+0.02616,+0.00938,-0.01343,+0.00444,-0.00517,+0.00580,+0.00731,-0.01038,+0.00742,+0.00929,+0.01419,-0.02247,+545.50518,+135.99025,+163.05501,+343.51862,+418.84185
36220249568,1,2026-09-26T05:15:17Z,746b3fb32e1064a898629d16a9902df6200ed556,schedule,success,108344022126,success,sm4-bitsliced-simd,"sm4-bitsliced-simd,crypto-bigint-scalar",AMD EPYC 9V74 80-Core Processor,AMD EPYC 9V74 80-Core Processor,ubuntu-24.04,20260920.314.1,6.17.0-1022-azure,rustc 1.98.1 (48a229cea 2026-09-01),cargo 1.98.1 (797e8a9bc 2026-08-05),100000,90,16,,f69323c38e4af646f62b9e18ec9072e6f5cce32484d5fbd957d4051524297cca,bab6383c8e89fa6a44b96a4310dc78be402cd0fbcb4be57eaf9529c90881e330,c24ec02213d9d6fab835f14d76e5d810f233aa46014b701148c382e394af9d8e,https://github.com/frankxue831/gm-crypto-rs/actions/runs/36220249568/job/108344022126,-0.24763,-0.12530,-0.29611,-0.35989,-0.11512,-0.32400,-0.19078,-0.23630,-0.59365,-0.11761,-0.22996,-0.15707,-0.16863,-0.14838,-0.18712,+0.00783,+0.00796,+0.00978,+0.01502,+0.00859,-0.00603,-0.00540,-0.01345,+0.00307,-0.00692,+0.04643,+0.05821,-0.02131,-0.01272,-0.12351,+79.15894,+80.04801,+74.31347,+85.69559,+78.85412
36220249568,1,2026-09-26T05:15:17Z,746b3fb32e1064a898629d16a9902df6200ed556,schedule,success,108344022141,success,default,crypto-bigint-scalar,INTEL(R) XEON(R) PLATINUM 8573C,INTEL(R) XEON(R) PLATINUM 8573C,ubuntu-24.04,20260920.314.1,6.17.0-1022-azure,rustc 1.98.1 (48a229cea 2026-09-01),cargo 1.98.1 (797e8a9bc 2026-08-05),100000,80,14,missing_target:ct_sm4_cbc_decrypt_fanout,f69323c38e4af646f62b9e18ec9072e6f5cce32484d5fbd957d4051524297cca,bab6383c8e89fa6a44b96a4310dc78be402cd0fbcb4be57eaf9529c90881e330,01dfd240249274917fa6ad92f9bd6599fdd8c954cb63fbac87374eda10baa236,https://github.com/frankxue831/gm-crypto-rs/actions/runs/36220249568/job/108344022141,-0.00590,+0.00647,-0.00722,-0.01826,+0.00621,-0.04629,+0.00987,+0.03731,+0.00858,-0.04929,-0.03130,-0.03396,-0.03288,-0.04169,-0.03351,-0.05324,+0.00924,+0.04284,-0.00653,-0.04884,-0.00875,-0.04331,-0.00945,-0.00803,-0.00879,,,,,,+65.29809,+68.11836,+62.62167,+58.73463,+62.93114
36220249568,1,2026-09-26T05:15:17Z,746b3fb32e1064a898629d16a9902df6200ed556,schedule,success,108344022154,success,sm4-bitsliced,"sm4-bitsliced,crypto-bigint-scalar",AMD EPYC 7763 64-Core Processor,AMD EPYC 7763 64-Core Processor,ubuntu-24.04,20260920.314.1,6.17.0-1022-azure,rustc 1.98.1 (48a229cea 2026-09-01),cargo 1.98.1 (797e8a9bc 2026-08-05),100000,80,14,missing_target:ct_sm4_cbc_decrypt_fanout,f69323c38e4af646f62b9e18ec9072e6f5cce32484d5fbd957d4051524297cca,bab6383c8e89fa6a44b96a4310dc78be402cd0fbcb4be57eaf9529c90881e330,4b2f325a8e6650f69b14690254350a605020743aa711e4ca1b9466216137ae87,https://github.com/frankxue831/gm-crypto-rs/actions/runs/36220249568/job/108344022154,-0.00570,-0.01199,+0.00831,-0.00735,+0.00496,+0.02030,-0.00987,-0.00967,-0.01376,-0.00890,-0.34782,-0.30630,-0.20564,-0.16241,-0.21785,-0.00584,+0.04019,+0.24020,+0.25055,-0.00978,+0.01034,+0.00196,+0.00351,-0.00391,-0.00747,,,,,,+167.81374,+164.34509,+150.16358,+151.56879,+120.51254
36296678111,1,2026-09-27T05:15:27Z,746b3fb32e1064a898629d16a9902df6200ed556,schedule,success,108556701376,success,"sm4-bitsliced-simd,sm4-aead,sm4-xts,sm2-key-exchange,tlcp","sm4-bitsliced-simd,sm4-aead,sm4-xts,sm2-key-exchange,tlcp,crypto-bigint-scalar",AMD EPYC 9V45 96-Core Processor,AMD EPYC 9V45 96-Core Processor,ubuntu-24.04,20260920.314.1,6.17.0-1022-azure,rustc 1.98.1 (48a229cea 2026-09-01),cargo 1.98.1 (797e8a9bc 2026-08-05),100000,120,22,,2942b41e805218f7d0ff56743a778d89992f487cfddf68d7e7f7658db6931c49,8819ef3ed3349feef0dc7312fe026486c2022637e725847f04a3dd0319174c35,a77600e953e0a333e665010f27df31c32e2e141e40df0cf321a0431153d95089,https://github.com/frankxue831/gm-crypto-rs/actions/runs/36296678111/job/108556701376,-0.02459,-0.03122,+0.01341,+0.01157,+0.01575,+0.00604,+0.01030,-0.01061,-0.03073,+0.00830,-0.24980,-0.25410,-0.22981,-0.22094,-0.28702,+0.02835,+0.00383,-0.01348,-0.02187,+0.01353,-0.00442,-0.01261,-0.00361,+0.00832,+0.00698,+0.02114,+0.02421,+0.01260,-0.01570,+0.01222,+1065.53135,+355.82633,+170.42714,+276.14598,+349.04811
36296678111,1,2026-09-27T05:15:27Z,746b3fb32e1064a898629d16a9902df6200ed556,schedule,success,108556701476,success,sm4-bitsliced,"sm4-bitsliced,crypto-bigint-scalar",Intel(R) Xeon(R) Platinum 8370C CPU @ 2.80GHz,Intel(R) Xeon(R) Platinum 8370C CPU @ 2.80GHz,ubuntu-24.04,20260920.314.1,6.17.0-1022-azure,rustc 1.98.1 (48a229cea 2026-09-01),cargo 1.98.1 (797e8a9bc 2026-08-05),100000,80,14,missing_target:ct_sm4_cbc_decrypt_fanout,2942b41e805218f7d0ff56743a778d89992f487cfddf68d7e7f7658db6931c49,8819ef3ed3349feef0dc7312fe026486c2022637e725847f04a3dd0319174c35,cd50022c209d26a712793310258dcee1201a557dbec45981c3031b2b02db3666,https://github.com/frankxue831/gm-crypto-rs/actions/runs/36296678111/job/108556701476,+0.00503,+0.00679,+0.03007,-0.00630,+0.00586,+0.04310,+0.04986,+0.03054,+0.03929,+0.03179,-0.17128,-0.17289,-0.10158,-0.17109,-0.10005,+0.00854,+0.01435,+0.00953,+0.01588,+0.00918,+0.00732,-0.00395,-0.00415,-0.00526,-0.00485,,,,,,+477.20071,+28.33650,+31.95682,+28.45221,+31.54537
36296678111,1,2026-09-27T05:15:27Z,746b3fb32e1064a898629d16a9902df6200ed556,schedule,success,108556701488,success,default,crypto-bigint-scalar,AMD EPYC 7763 64-Core Processor,AMD EPYC 7763 64-Core Processor,ubuntu-24.04,20260920.314.1,6.17.0-1022-azure,rustc 1.98.1 (48a229cea 2026-09-01),cargo 1.98.1 (797e8a9bc 2026-08-05),100000,80,14,missing_target:ct_sm4_cbc_decrypt_fanout,2942b41e805218f7d0ff56743a778d89992f487cfddf68d7e7f7658db6931c49,8819ef3ed3349feef0dc7312fe026486c2022637e725847f04a3dd0319174c35,6ac03fd1ee44b7364005be9a21d08e092a4de6a31c3913ef632b78008a0556ec,https://github.com/frankxue831/gm-crypto-rs/actions/runs/36296678111/job/108556701488,+0.01023,-0.01581,-0.00701,+0.00664,-0.02312,-0.02876,-0.01389,-0.00869,-0.01585,-0.00577,-0.18145,-0.25825,-0.25763,-0.27096,-0.33562,+0.38905,-0.04141,-0.04036,-0.01531,-0.03740,+0.00370,+0.00525,+0.00670,-0.00702,+0.00826,,,,,,+167.31251,+136.46403,+129.45703,+176.32463,+181.78248
36296678111,1,2026-09-27T05:15:27Z,746b3fb32e1064a898629d16a9902df6200ed556,schedule,success,108556701547,success,sm4-bitsliced-simd,"sm4-bitsliced-simd,crypto-bigint-scalar",AMD EPYC 7763 64-Core Processor,AMD EPYC 7763 64-Core Processor,ubuntu-24.04,20260920.314.1,6.17.0-1022-azure,rustc 1.98.1 (48a229cea 2026-09-01),cargo 1.98.1 (797e8a9bc 2026-08-05),100000,90,16,,2942b41e805218f7d0ff56743a778d89992f487cfddf68d7e7f7658db6931c49,8819ef3ed3349feef0dc7312fe026486c2022637e725847f04a3dd0319174c35,8420a080eb19fb5eedfa8ff9b906d8fe6b7af0e0444854e596e364cc8ed33cbd,https://github.com/frankxue831/gm-crypto-rs/actions/runs/36296678111/job/108556701547,-0.00541,-0.02189,-0.01289,+0.01100,-0.00941,+0.00981,-0.05532,-0.05245,-0.00541,-0.05905,-0.23425,-0.11148,-0.12066,-0.19075,-0.12724,-0.04312,+0.38478,+0.32206,-0.02271,+0.34048,+0.02192,-0.00535,+0.00331,-0.00697,-0.01376,-0.01149,-0.03316,-0.07527,+0.01340,-0.02348,+161.64209,+170.72463,+171.46880,+180.22201,+174.15068
